oblast_name,iso_year,iso_week,week_start,oblast_pcode,n_events,fatalities
Autonomous Republic of Crimea,2022,10,2022-03-07,UA-43,1,0
Autonomous Republic of Crimea,2022,11,2022-03-14,UA-43,1,0
Autonomous Republic of Crimea,2022,12,2022-03-21,UA-43,2,0
Autonomous Republic of Crimea,2022,14,2022-04-04,UA-43,1,0
Autonomous Republic of Crimea,2022,17,2022-04-25,UA-43,1,0
Autonomous Republic of Crimea,2022,19,2022-05-09,UA-43,1,0
Autonomous Republic of Crimea,2022,20,2022-05-16,UA-43,1,0
Autonomous Republic of Crimea,2022,22,2022-05-30,UA-43,1,0
Autonomous Republic of Crimea,2022,23,2022-06-06,UA-43,1,0
Autonomous Republic of Crimea,2022,27,2022-07-04,UA-43,1,0
Autonomous Republic of Crimea,2022,32,2022-08-08,UA-43,2,1
Autonomous Republic of Crimea,2022,33,2022-08-15,UA-43,4,0
Autonomous Republic of Crimea,2022,34,2022-08-22,UA-43,2,0
Autonomous Republic of Crimea,2022,35,2022-08-29,UA-43,4,0
Autonomous Republic of Crimea,2022,36,2022-09-05,UA-43,5,0
Autonomous Republic of Crimea,2022,37,2022-09-12,UA-43,6,0
Autonomous Republic of Crimea,2022,38,2022-09-19,UA-43,2,0
Autonomous Republic of Crimea,2022,39,2022-09-26,UA-43,2,0
Autonomous Republic of Crimea,2022,40,2022-10-03,UA-43,1,4
Autonomous Republic of Crimea,2022,41,2022-10-10,UA-43,2,0
Autonomous Republic of Crimea,2022,42,2022-10-17,UA-43,1,0
Autonomous Republic of Crimea,2022,43,2022-10-24,UA-43,1,0
Autonomous Republic of Crimea,2022,44,2022-10-31,UA-43,1,0
Autonomous Republic of Crimea,2022,45,2022-11-07,UA-43,1,30
Autonomous Republic of Crimea,2022,46,2022-11-14,UA-43,2,0
Autonomous Republic of Crimea,2022,47,2022-11-21,UA-43,1,0
Autonomous Republic of Crimea,2022,48,2022-11-28,UA-43,1,1
Autonomous Republic of Crimea,2022,49,2022-12-05,UA-43,1,3
Autonomous Republic of Crimea,2022,50,2022-12-12,UA-43,1,0
Autonomous Republic of Crimea,2022,51,2022-12-19,UA-43,3,0
Autonomous Republic of Crimea,2022,52,2022-12-26,UA-43,4,0
Autonomous Republic of Crimea,2023,1,2023-01-02,UA-43,4,0
Autonomous Republic of Crimea,2023,4,2023-01-23,UA-43,3,0
Autonomous Republic of Crimea,2023,5,2023-01-30,UA-43,1,2
Autonomous Republic of Crimea,2023,6,2023-02-06,UA-43,1,0
Autonomous Republic of Crimea,2023,7,2023-02-13,UA-43,1,0
Autonomous Republic of Crimea,2023,8,2023-02-20,UA-43,1,0
Autonomous Republic of Crimea,2023,9,2023-02-27,UA-43,9,0
Autonomous Republic of Crimea,2023,11,2023-03-13,UA-43,2,0
Autonomous Republic of Crimea,2023,12,2023-03-20,UA-43,1,0
Autonomous Republic of Crimea,2023,13,2023-03-27,UA-43,3,0
Autonomous Republic of Crimea,2023,14,2023-04-03,UA-43,2,0
Autonomous Republic of Crimea,2023,15,2023-04-10,UA-43,1,0
Autonomous Republic of Crimea,2023,16,2023-04-17,UA-43,1,0
Autonomous Republic of Crimea,2023,17,2023-04-24,UA-43,1,0
Autonomous Republic of Crimea,2023,18,2023-05-01,UA-43,7,0
Autonomous Republic of Crimea,2023,19,2023-05-08,UA-43,2,0
Autonomous Republic of Crimea,2023,20,2023-05-15,UA-43,5,0
Autonomous Republic of Crimea,2023,21,2023-05-22,UA-43,4,0
Autonomous Republic of Crimea,2023,22,2023-05-29,UA-43,5,0
Autonomous Republic of Crimea,2023,23,2023-06-05,UA-43,4,0
Autonomous Republic of Crimea,2023,24,2023-06-12,UA-43,2,0
Autonomous Republic of Crimea,2023,25,2023-06-19,UA-43,3,0
Autonomous Republic of Crimea,2023,26,2023-06-26,UA-43,2,0
Autonomous Republic of Crimea,2023,27,2023-07-03,UA-43,1,0
Autonomous Republic of Crimea,2023,28,2023-07-10,UA-43,2,0
Autonomous Republic of Crimea,2023,29,2023-07-17,UA-43,8,3
Autonomous Republic of Crimea,2023,30,2023-07-24,UA-43,9,0
Autonomous Republic of Crimea,2023,31,2023-07-31,UA-43,5,0
Autonomous Republic of Crimea,2023,32,2023-08-07,UA-43,4,11
Autonomous Republic of Crimea,2023,33,2023-08-14,UA-43,3,0
Autonomous Republic of Crimea,2023,34,2023-08-21,UA-43,9,36
Autonomous Republic of Crimea,2023,35,2023-08-28,UA-43,5,0
Autonomous Republic of Crimea,2023,36,2023-09-04,UA-43,4,0
Autonomous Republic of Crimea,2023,37,2023-09-11,UA-43,6,0
Autonomous Republic of Crimea,2023,38,2023-09-18,UA-43,5,30
Autonomous Republic of Crimea,2023,39,2023-09-25,UA-43,2,0
Autonomous Republic of Crimea,2023,40,2023-10-02,UA-43,4,43
Autonomous Republic of Crimea,2023,41,2023-10-09,UA-43,1,0
Autonomous Republic of Crimea,2023,42,2023-10-16,UA-43,2,0
Autonomous Republic of Crimea,2023,43,2023-10-23,UA-43,3,0
Autonomous Republic of Crimea,2023,44,2023-10-30,UA-43,6,17
Autonomous Republic of Crimea,2023,45,2023-11-06,UA-43,7,1
Autonomous Republic of Crimea,2023,47,2023-11-20,UA-43,7,3
Autonomous Republic of Crimea,2023,48,2023-11-27,UA-43,3,0
Autonomous Republic of Crimea,2023,49,2023-12-04,UA-43,8,0
Autonomous Republic of Crimea,2023,50,2023-12-11,UA-43,5,0
Autonomous Republic of Crimea,2023,51,2023-12-18,UA-43,3,0
Autonomous Republic of Crimea,2023,52,2023-12-25,UA-43,4,74
Autonomous Republic of Crimea,2024,1,2024-01-01,UA-43,8,12
Autonomous Republic of Crimea,2024,4,2024-01-22,UA-43,1,0
Autonomous Republic of Crimea,2024,5,2024-01-29,UA-43,4,9
Autonomous Republic of Crimea,2024,6,2024-02-05,UA-43,1,0
Autonomous Republic of Crimea,2024,8,2024-02-19,UA-43,6,0
Autonomous Republic of Crimea,2024,9,2024-02-26,UA-43,8,0
Autonomous Republic of Crimea,2024,10,2024-03-04,UA-43,3,0
Autonomous Republic of Crimea,2024,12,2024-03-18,UA-43,4,3
Autonomous Republic of Crimea,2024,13,2024-03-25,UA-43,2,0
Autonomous Republic of Crimea,2024,16,2024-04-15,UA-43,4,30
Autonomous Republic of Crimea,2024,17,2024-04-22,UA-43,3,0
Autonomous Republic of Crimea,2024,18,2024-04-29,UA-43,10,0
Autonomous Republic of Crimea,2024,19,2024-05-06,UA-43,2,0
Autonomous Republic of Crimea,2024,20,2024-05-13,UA-43,3,3
Autonomous Republic of Crimea,2024,21,2024-05-20,UA-43,8,10
Autonomous Republic of Crimea,2024,22,2024-05-27,UA-43,4,0
Autonomous Republic of Crimea,2024,23,2024-06-03,UA-43,4,0
Autonomous Republic of Crimea,2024,24,2024-06-10,UA-43,13,0
Autonomous Republic of Crimea,2024,25,2024-06-17,UA-43,7,0
Autonomous Republic of Crimea,2024,26,2024-06-24,UA-43,1,0
Autonomous Republic of Crimea,2024,28,2024-07-08,UA-43,1,0
Autonomous Republic of Crimea,2024,29,2024-07-15,UA-43,2,0
Autonomous Republic of Crimea,2024,30,2024-07-22,UA-43,4,0
Autonomous Republic of Crimea,2024,32,2024-08-05,UA-43,2,0
Autonomous Republic of Crimea,2024,33,2024-08-12,UA-43,4,0
Autonomous Republic of Crimea,2024,35,2024-08-26,UA-43,3,0
Autonomous Republic of Crimea,2024,36,2024-09-02,UA-43,1,0
Autonomous Republic of Crimea,2024,38,2024-09-16,UA-43,2,0
Autonomous Republic of Crimea,2024,40,2024-09-30,UA-43,3,0
Autonomous Republic of Crimea,2024,41,2024-10-07,UA-43,6,0
Autonomous Republic of Crimea,2024,42,2024-10-14,UA-43,2,0
Autonomous Republic of Crimea,2024,43,2024-10-21,UA-43,4,0
Autonomous Republic of Crimea,2024,44,2024-10-28,UA-43,14,0
Autonomous Republic of Crimea,2024,45,2024-11-04,UA-43,2,0
Autonomous Republic of Crimea,2024,46,2024-11-11,UA-43,2,0
Autonomous Republic of Crimea,2024,47,2024-11-18,UA-43,3,0
Autonomous Republic of Crimea,2024,48,2024-11-25,UA-43,6,0
Autonomous Republic of Crimea,2024,49,2024-12-02,UA-43,2,0
Autonomous Republic of Crimea,2024,50,2024-12-09,UA-43,1,0
Autonomous Republic of Crimea,2025,1,2024-12-30,UA-43,4,0
Autonomous Republic of Crimea,2025,2,2025-01-06,UA-43,1,0
Autonomous Republic of Crimea,2025,4,2025-01-20,UA-43,1,0
Autonomous Republic of Crimea,2025,5,2025-01-27,UA-43,4,0
Autonomous Republic of Crimea,2025,6,2025-02-03,UA-43,3,0
Autonomous Republic of Crimea,2025,7,2025-02-10,UA-43,3,0
Autonomous Republic of Crimea,2025,9,2025-02-24,UA-43,3,0
Autonomous Republic of Crimea,2025,10,2025-03-03,UA-43,5,0
Autonomous Republic of Crimea,2025,11,2025-03-10,UA-43,2,0
Autonomous Republic of Crimea,2025,12,2025-03-17,UA-43,2,0
Autonomous Republic of Crimea,2025,13,2025-03-24,UA-43,5,0
Autonomous Republic of Crimea,2025,14,2025-03-31,UA-43,2,0
Autonomous Republic of Crimea,2025,15,2025-04-07,UA-43,4,0
Autonomous Republic of Crimea,2025,16,2025-04-14,UA-43,2,0
Autonomous Republic of Crimea,2025,17,2025-04-21,UA-43,8,0
Autonomous Republic of Crimea,2025,18,2025-04-28,UA-43,6,0
Autonomous Republic of Crimea,2025,19,2025-05-05,UA-43,2,0
Autonomous Republic of Crimea,2025,20,2025-05-12,UA-43,4,3
Autonomous Republic of Crimea,2025,21,2025-05-19,UA-43,4,0
Autonomous Republic of Crimea,2025,22,2025-05-26,UA-43,2,0
Autonomous Republic of Crimea,2025,23,2025-06-02,UA-43,2,0
Autonomous Republic of Crimea,2025,24,2025-06-09,UA-43,5,10
Autonomous Republic of Crimea,2025,26,2025-06-23,UA-43,8,0
Autonomous Republic of Crimea,2025,27,2025-06-30,UA-43,3,0
Autonomous Republic of Crimea,2025,28,2025-07-07,UA-43,1,0
Cherkasy Oblast,2022,8,2022-02-21,UA-71,2,1
Cherkasy Oblast,2022,10,2022-03-07,UA-71,2,0
Cherkasy Oblast,2022,11,2022-03-14,UA-71,1,0
Cherkasy Oblast,2022,17,2022-04-25,UA-71,1,0
Cherkasy Oblast,2022,18,2022-05-02,UA-71,1,0
Cherkasy Oblast,2022,25,2022-06-20,UA-71,1,1
Cherkasy Oblast,2022,28,2022-07-11,UA-71,2,10
Cherkasy Oblast,2022,31,2022-08-01,UA-71,1,0
Cherkasy Oblast,2022,32,2022-08-08,UA-71,1,1
Cherkasy Oblast,2022,34,2022-08-22,UA-71,1,0
Cherkasy Oblast,2022,36,2022-09-05,UA-71,1,10
Cherkasy Oblast,2022,37,2022-09-12,UA-71,1,0
Cherkasy Oblast,2022,41,2022-10-10,UA-71,2,0
Cherkasy Oblast,2022,42,2022-10-17,UA-71,2,0
Cherkasy Oblast,2022,44,2022-10-31,UA-71,3,0
Cherkasy Oblast,2022,45,2022-11-07,UA-71,2,0
Cherkasy Oblast,2022,46,2022-11-14,UA-71,1,0
Cherkasy Oblast,2022,47,2022-11-21,UA-71,2,0
Cherkasy Oblast,2022,49,2022-12-05,UA-71,2,0
Cherkasy Oblast,2023,4,2023-01-23,UA-71,1,0
Cherkasy Oblast,2023,10,2023-03-06,UA-71,1,0
Cherkasy Oblast,2023,14,2023-04-03,UA-71,1,1
Cherkasy Oblast,2023,17,2023-04-24,UA-71,1,24
Cherkasy Oblast,2023,19,2023-05-08,UA-71,1,0
Cherkasy Oblast,2023,20,2023-05-15,UA-71,1,0
Cherkasy Oblast,2023,21,2023-05-22,UA-71,1,0
Cherkasy Oblast,2023,22,2023-05-29,UA-71,1,0
Cherkasy Oblast,2023,23,2023-06-05,UA-71,1,0
Cherkasy Oblast,2023,26,2023-06-26,UA-71,2,0
Cherkasy Oblast,2023,27,2023-07-03,UA-71,2,0
Cherkasy Oblast,2023,28,2023-07-10,UA-71,1,0
Cherkasy Oblast,2023,30,2023-07-24,UA-71,1,0
Cherkasy Oblast,2023,31,2023-07-31,UA-71,1,0
Cherkasy Oblast,2023,33,2023-08-14,UA-71,2,0
Cherkasy Oblast,2023,34,2023-08-21,UA-71,1,0
Cherkasy Oblast,2023,35,2023-08-28,UA-71,1,0
Cherkasy Oblast,2023,38,2023-09-18,UA-71,1,0
Cherkasy Oblast,2023,39,2023-09-25,UA-71,2,0
Cherkasy Oblast,2023,40,2023-10-02,UA-71,2,0
Cherkasy Oblast,2023,41,2023-10-09,UA-71,2,0
Cherkasy Oblast,2023,42,2023-10-16,UA-71,1,0
Cherkasy Oblast,2023,43,2023-10-23,UA-71,2,0
Cherkasy Oblast,2023,44,2023-10-30,UA-71,2,0
Cherkasy Oblast,2023,45,2023-11-06,UA-71,2,0
Cherkasy Oblast,2023,46,2023-11-13,UA-71,4,0
Cherkasy Oblast,2023,47,2023-11-20,UA-71,3,0
Cherkasy Oblast,2023,48,2023-11-27,UA-71,1,0
Cherkasy Oblast,2023,49,2023-12-04,UA-71,2,0
Cherkasy Oblast,2023,50,2023-12-11,UA-71,3,0
Cherkasy Oblast,2023,51,2023-12-18,UA-71,1,0
Cherkasy Oblast,2023,52,2023-12-25,UA-71,3,1
Cherkasy Oblast,2024,1,2024-01-01,UA-71,3,0
Cherkasy Oblast,2024,2,2024-01-08,UA-71,1,0
Cherkasy Oblast,2024,3,2024-01-15,UA-71,1,0
Cherkasy Oblast,2024,6,2024-02-05,UA-71,2,0
Cherkasy Oblast,2024,8,2024-02-19,UA-71,1,0
Cherkasy Oblast,2024,9,2024-02-26,UA-71,1,0
Cherkasy Oblast,2024,10,2024-03-04,UA-71,2,0
Cherkasy Oblast,2024,11,2024-03-11,UA-71,3,0
Cherkasy Oblast,2024,12,2024-03-18,UA-71,2,0
Cherkasy Oblast,2024,13,2024-03-25,UA-71,4,0
Cherkasy Oblast,2024,14,2024-04-01,UA-71,3,0
Cherkasy Oblast,2024,15,2024-04-08,UA-71,1,0
Cherkasy Oblast,2024,16,2024-04-15,UA-71,1,0
Cherkasy Oblast,2024,17,2024-04-22,UA-71,1,0
Cherkasy Oblast,2024,19,2024-05-06,UA-71,2,0
Cherkasy Oblast,2024,20,2024-05-13,UA-71,4,0
Cherkasy Oblast,2024,21,2024-05-20,UA-71,2,0
Cherkasy Oblast,2024,22,2024-05-27,UA-71,3,0
Cherkasy Oblast,2024,23,2024-06-03,UA-71,1,0
Cherkasy Oblast,2024,24,2024-06-10,UA-71,1,0
Cherkasy Oblast,2024,25,2024-06-17,UA-71,1,0
Cherkasy Oblast,2024,26,2024-06-24,UA-71,1,0
Cherkasy Oblast,2024,27,2024-07-01,UA-71,2,0
Cherkasy Oblast,2024,28,2024-07-08,UA-71,4,0
Cherkasy Oblast,2024,29,2024-07-15,UA-71,1,0
Cherkasy Oblast,2024,30,2024-07-22,UA-71,3,0
Cherkasy Oblast,2024,31,2024-07-29,UA-71,1,0
Cherkasy Oblast,2024,32,2024-08-05,UA-71,1,0
Cherkasy Oblast,2024,33,2024-08-12,UA-71,6,0
Cherkasy Oblast,2024,34,2024-08-19,UA-71,5,0
Cherkasy Oblast,2024,35,2024-08-26,UA-71,7,0
Cherkasy Oblast,2024,36,2024-09-02,UA-71,4,0
Cherkasy Oblast,2024,37,2024-09-09,UA-71,6,0
Cherkasy Oblast,2024,38,2024-09-16,UA-71,3,0
Cherkasy Oblast,2024,39,2024-09-23,UA-71,5,0
Cherkasy Oblast,2024,40,2024-09-30,UA-71,6,0
Cherkasy Oblast,2024,41,2024-10-07,UA-71,4,0
Cherkasy Oblast,2024,42,2024-10-14,UA-71,7,1
Cherkasy Oblast,2024,43,2024-10-21,UA-71,7,0
Cherkasy Oblast,2024,44,2024-10-28,UA-71,9,0
Cherkasy Oblast,2024,45,2024-11-04,UA-71,6,0
Cherkasy Oblast,2024,46,2024-11-11,UA-71,7,0
Cherkasy Oblast,2024,47,2024-11-18,UA-71,3,0
Cherkasy Oblast,2024,48,2024-11-25,UA-71,5,0
Cherkasy Oblast,2024,49,2024-12-02,UA-71,4,0
Cherkasy Oblast,2024,50,2024-12-09,UA-71,4,0
Cherkasy Oblast,2024,51,2024-12-16,UA-71,6,0
Cherkasy Oblast,2024,52,2024-12-23,UA-71,3,0
Cherkasy Oblast,2025,1,2024-12-30,UA-71,4,0
Cherkasy Oblast,2025,2,2025-01-06,UA-71,7,0
Cherkasy Oblast,2025,3,2025-01-13,UA-71,6,0
Cherkasy Oblast,2025,4,2025-01-20,UA-71,4,0
Cherkasy Oblast,2025,5,2025-01-27,UA-71,4,0
Cherkasy Oblast,2025,6,2025-02-03,UA-71,6,0
Cherkasy Oblast,2025,7,2025-02-10,UA-71,5,0
Cherkasy Oblast,2025,8,2025-02-17,UA-71,6,0
Cherkasy Oblast,2025,9,2025-02-24,UA-71,7,0
Cherkasy Oblast,2025,10,2025-03-03,UA-71,7,0
Cherkasy Oblast,2025,11,2025-03-10,UA-71,5,0
Cherkasy Oblast,2025,12,2025-03-17,UA-71,4,0
Cherkasy Oblast,2025,13,2025-03-24,UA-71,6,0
Cherkasy Oblast,2025,14,2025-03-31,UA-71,3,0
Cherkasy Oblast,2025,15,2025-04-07,UA-71,2,0
Cherkasy Oblast,2025,17,2025-04-21,UA-71,4,0
Cherkasy Oblast,2025,18,2025-04-28,UA-71,7,0
Cherkasy Oblast,2025,19,2025-05-05,UA-71,5,0
Cherkasy Oblast,2025,20,2025-05-12,UA-71,3,0
Cherkasy Oblast,2025,21,2025-05-19,UA-71,5,0
Cherkasy Oblast,2025,22,2025-05-26,UA-71,1,0
Cherkasy Oblast,2025,23,2025-06-02,UA-71,4,0
Cherkasy Oblast,2025,24,2025-06-09,UA-71,5,0
Cherkasy Oblast,2025,25,2025-06-16,UA-71,4,0
Cherkasy Oblast,2025,26,2025-06-23,UA-71,5,0
Cherkasy Oblast,2025,27,2025-06-30,UA-71,3,0
Chernihiv Oblast,2022,8,2022-02-21,UA-74,26,15
Chernihiv Oblast,2022,9,2022-02-28,UA-74,58,324
Chernihiv Oblast,2022,10,2022-03-07,UA-74,39,79
Chernihiv Oblast,2022,11,2022-03-14,UA-74,69,95
Chernihiv Oblast,2022,12,2022-03-21,UA-74,41,14
Chernihiv Oblast,2022,13,2022-03-28,UA-74,57,57
Chernihiv Oblast,2022,14,2022-04-04,UA-74,8,12
Chernihiv Oblast,2022,15,2022-04-11,UA-74,12,3
Chernihiv Oblast,2022,16,2022-04-18,UA-74,6,1
Chernihiv Oblast,2022,17,2022-04-25,UA-74,10,2
Chernihiv Oblast,2022,18,2022-05-02,UA-74,4,1
Chernihiv Oblast,2022,19,2022-05-09,UA-74,10,3
Chernihiv Oblast,2022,20,2022-05-16,UA-74,20,87
Chernihiv Oblast,2022,21,2022-05-23,UA-74,10,1
Chernihiv Oblast,2022,22,2022-05-30,UA-74,10,0
Chernihiv Oblast,2022,23,2022-06-06,UA-74,8,0
Chernihiv Oblast,2022,24,2022-06-13,UA-74,6,0
Chernihiv Oblast,2022,25,2022-06-20,UA-74,16,0
Chernihiv Oblast,2022,26,2022-06-27,UA-74,20,0
Chernihiv Oblast,2022,27,2022-07-04,UA-74,13,0
Chernihiv Oblast,2022,28,2022-07-11,UA-74,10,0
Chernihiv Oblast,2022,29,2022-07-18,UA-74,10,0
Chernihiv Oblast,2022,30,2022-07-25,UA-74,16,3
Chernihiv Oblast,2022,31,2022-08-01,UA-74,20,0
Chernihiv Oblast,2022,32,2022-08-08,UA-74,17,0
Chernihiv Oblast,2022,33,2022-08-15,UA-74,8,0
Chernihiv Oblast,2022,34,2022-08-22,UA-74,12,0
Chernihiv Oblast,2022,35,2022-08-29,UA-74,21,0
Chernihiv Oblast,2022,36,2022-09-05,UA-74,14,0
Chernihiv Oblast,2022,37,2022-09-12,UA-74,13,0
Chernihiv Oblast,2022,38,2022-09-19,UA-74,18,0
Chernihiv Oblast,2022,39,2022-09-26,UA-74,15,4
Chernihiv Oblast,2022,40,2022-10-03,UA-74,20,2
Chernihiv Oblast,2022,41,2022-10-10,UA-74,23,0
Chernihiv Oblast,2022,42,2022-10-17,UA-74,20,0
Chernihiv Oblast,2022,43,2022-10-24,UA-74,10,0
Chernihiv Oblast,2022,44,2022-10-31,UA-74,19,0
Chernihiv Oblast,2022,45,2022-11-07,UA-74,9,0
Chernihiv Oblast,2022,46,2022-11-14,UA-74,5,0
Chernihiv Oblast,2022,47,2022-11-21,UA-74,9,0
Chernihiv Oblast,2022,48,2022-11-28,UA-74,13,0
Chernihiv Oblast,2022,49,2022-12-05,UA-74,7,0
Chernihiv Oblast,2022,50,2022-12-12,UA-74,13,0
Chernihiv Oblast,2022,51,2022-12-19,UA-74,14,0
Chernihiv Oblast,2022,52,2022-12-26,UA-74,15,1
Chernihiv Oblast,2023,1,2023-01-02,UA-74,15,0
Chernihiv Oblast,2023,2,2023-01-09,UA-74,9,0
Chernihiv Oblast,2023,3,2023-01-16,UA-74,3,0
Chernihiv Oblast,2023,4,2023-01-23,UA-74,24,0
Chernihiv Oblast,2023,5,2023-01-30,UA-74,27,4
Chernihiv Oblast,2023,6,2023-02-06,UA-74,10,2
Chernihiv Oblast,2023,7,2023-02-13,UA-74,12,0
Chernihiv Oblast,2023,8,2023-02-20,UA-74,20,0
Chernihiv Oblast,2023,9,2023-02-27,UA-74,22,0
Chernihiv Oblast,2023,10,2023-03-06,UA-74,14,0
Chernihiv Oblast,2023,11,2023-03-13,UA-74,27,1
Chernihiv Oblast,2023,12,2023-03-20,UA-74,25,1
Chernihiv Oblast,2023,13,2023-03-27,UA-74,17,0
Chernihiv Oblast,2023,14,2023-04-03,UA-74,16,4
Chernihiv Oblast,2023,15,2023-04-10,UA-74,13,0
Chernihiv Oblast,2023,16,2023-04-17,UA-74,19,1
Chernihiv Oblast,2023,17,2023-04-24,UA-74,44,1
Chernihiv Oblast,2023,18,2023-05-01,UA-74,57,2
Chernihiv Oblast,2023,19,2023-05-08,UA-74,36,0
Chernihiv Oblast,2023,20,2023-05-15,UA-74,15,0
Chernihiv Oblast,2023,21,2023-05-22,UA-74,37,1
Chernihiv Oblast,2023,22,2023-05-29,UA-74,32,0
Chernihiv Oblast,2023,23,2023-06-05,UA-74,18,1
Chernihiv Oblast,2023,24,2023-06-12,UA-74,28,2
Chernihiv Oblast,2023,25,2023-06-19,UA-74,28,0
Chernihiv Oblast,2023,26,2023-06-26,UA-74,27,0
Chernihiv Oblast,2023,27,2023-07-03,UA-74,26,0
Chernihiv Oblast,2023,28,2023-07-10,UA-74,28,0
Chernihiv Oblast,2023,29,2023-07-17,UA-74,27,2
Chernihiv Oblast,2023,30,2023-07-24,UA-74,32,0
Chernihiv Oblast,2023,31,2023-07-31,UA-74,40,0
Chernihiv Oblast,2023,32,2023-08-07,UA-74,50,0
Chernihiv Oblast,2023,33,2023-08-14,UA-74,59,7
Chernihiv Oblast,2023,34,2023-08-21,UA-74,60,0
Chernihiv Oblast,2023,35,2023-08-28,UA-74,50,2
Chernihiv Oblast,2023,36,2023-09-04,UA-74,47,0
Chernihiv Oblast,2023,37,2023-09-11,UA-74,31,0
Chernihiv Oblast,2023,38,2023-09-18,UA-74,39,0
Chernihiv Oblast,2023,39,2023-09-25,UA-74,40,0
Chernihiv Oblast,2023,40,2023-10-02,UA-74,36,0
Chernihiv Oblast,2023,41,2023-10-09,UA-74,44,1
Chernihiv Oblast,2023,42,2023-10-16,UA-74,36,0
Chernihiv Oblast,2023,43,2023-10-23,UA-74,28,0
Chernihiv Oblast,2023,44,2023-10-30,UA-74,37,0
Chernihiv Oblast,2023,45,2023-11-06,UA-74,55,0
Chernihiv Oblast,2023,46,2023-11-13,UA-74,38,0
Chernihiv Oblast,2023,47,2023-11-20,UA-74,52,0
Chernihiv Oblast,2023,48,2023-11-27,UA-74,27,0
Chernihiv Oblast,2023,49,2023-12-04,UA-74,22,0
Chernihiv Oblast,2023,50,2023-12-11,UA-74,21,0
Chernihiv Oblast,2023,51,2023-12-18,UA-74,26,0
Chernihiv Oblast,2023,52,2023-12-25,UA-74,42,2
Chernihiv Oblast,2024,1,2024-01-01,UA-74,34,1
Chernihiv Oblast,2024,2,2024-01-08,UA-74,34,0
Chernihiv Oblast,2024,3,2024-01-15,UA-74,38,0
Chernihiv Oblast,2024,4,2024-01-22,UA-74,27,0
Chernihiv Oblast,2024,5,2024-01-29,UA-74,45,0
Chernihiv Oblast,2024,6,2024-02-05,UA-74,42,0
Chernihiv Oblast,2024,7,2024-02-12,UA-74,25,1
Chernihiv Oblast,2024,8,2024-02-19,UA-74,43,0
Chernihiv Oblast,2024,9,2024-02-26,UA-74,48,0
Chernihiv Oblast,2024,10,2024-03-04,UA-74,65,1
Chernihiv Oblast,2024,11,2024-03-11,UA-74,58,3
Chernihiv Oblast,2024,12,2024-03-18,UA-74,35,0
Chernihiv Oblast,2024,13,2024-03-25,UA-74,62,0
Chernihiv Oblast,2024,14,2024-04-01,UA-74,40,0
Chernihiv Oblast,2024,15,2024-04-08,UA-74,53,3
Chernihiv Oblast,2024,16,2024-04-15,UA-74,44,18
Chernihiv Oblast,2024,17,2024-04-22,UA-74,46,0
Chernihiv Oblast,2024,18,2024-04-29,UA-74,43,0
Chernihiv Oblast,2024,19,2024-05-06,UA-74,45,0
Chernihiv Oblast,2024,20,2024-05-13,UA-74,57,1
Chernihiv Oblast,2024,21,2024-05-20,UA-74,33,0
Chernihiv Oblast,2024,22,2024-05-27,UA-74,38,1
Chernihiv Oblast,2024,23,2024-06-03,UA-74,41,0
Chernihiv Oblast,2024,24,2024-06-10,UA-74,29,0
Chernihiv Oblast,2024,25,2024-06-17,UA-74,32,0
Chernihiv Oblast,2024,26,2024-06-24,UA-74,42,0
Chernihiv Oblast,2024,27,2024-07-01,UA-74,46,0
Chernihiv Oblast,2024,28,2024-07-08,UA-74,40,0
Chernihiv Oblast,2024,29,2024-07-15,UA-74,32,0
Chernihiv Oblast,2024,30,2024-07-22,UA-74,45,0
Chernihiv Oblast,2024,31,2024-07-29,UA-74,25,5
Chernihiv Oblast,2024,32,2024-08-05,UA-74,44,0
Chernihiv Oblast,2024,33,2024-08-12,UA-74,45,0
Chernihiv Oblast,2024,34,2024-08-19,UA-74,38,0
Chernihiv Oblast,2024,35,2024-08-26,UA-74,62,0
Chernihiv Oblast,2024,36,2024-09-02,UA-74,62,0
Chernihiv Oblast,2024,37,2024-09-09,UA-74,60,0
Chernihiv Oblast,2024,38,2024-09-16,UA-74,62,0
Chernihiv Oblast,2024,39,2024-09-23,UA-74,54,0
Chernihiv Oblast,2024,40,2024-09-30,UA-74,39,3
Chernihiv Oblast,2024,41,2024-10-07,UA-74,48,0
Chernihiv Oblast,2024,42,2024-10-14,UA-74,53,0
Chernihiv Oblast,2024,43,2024-10-21,UA-74,58,0
Chernihiv Oblast,2024,44,2024-10-28,UA-74,54,0
Chernihiv Oblast,2024,45,2024-11-04,UA-74,63,0
Chernihiv Oblast,2024,46,2024-11-11,UA-74,62,0
Chernihiv Oblast,2024,47,2024-11-18,UA-74,36,0
Chernihiv Oblast,2024,48,2024-11-25,UA-74,50,0
Chernihiv Oblast,2024,49,2024-12-02,UA-74,52,0
Chernihiv Oblast,2024,50,2024-12-09,UA-74,72,0
Chernihiv Oblast,2024,51,2024-12-16,UA-74,74,1
Chernihiv Oblast,2024,52,2024-12-23,UA-74,49,0
Chernihiv Oblast,2025,1,2024-12-30,UA-74,76,1
Chernihiv Oblast,2025,2,2025-01-06,UA-74,73,0
Chernihiv Oblast,2025,3,2025-01-13,UA-74,91,0
Chernihiv Oblast,2025,4,2025-01-20,UA-74,65,0
Chernihiv Oblast,2025,5,2025-01-27,UA-74,82,0
Chernihiv Oblast,2025,6,2025-02-03,UA-74,75,0
Chernihiv Oblast,2025,7,2025-02-10,UA-74,75,0
Chernihiv Oblast,2025,8,2025-02-17,UA-74,94,0
Chernihiv Oblast,2025,9,2025-02-24,UA-74,67,0
Chernihiv Oblast,2025,10,2025-03-03,UA-74,77,0
Chernihiv Oblast,2025,11,2025-03-10,UA-74,72,0
Chernihiv Oblast,2025,12,2025-03-17,UA-74,78,0
Chernihiv Oblast,2025,13,2025-03-24,UA-74,62,0
Chernihiv Oblast,2025,14,2025-03-31,UA-74,73,0
Chernihiv Oblast,2025,15,2025-04-07,UA-74,53,0
Chernihiv Oblast,2025,16,2025-04-14,UA-74,73,0
Chernihiv Oblast,2025,17,2025-04-21,UA-74,108,0
Chernihiv Oblast,2025,18,2025-04-28,UA-74,103,2
Chernihiv Oblast,2025,19,2025-05-05,UA-74,82,0
Chernihiv Oblast,2025,20,2025-05-12,UA-74,86,0
Chernihiv Oblast,2025,21,2025-05-19,UA-74,109,1
Chernihiv Oblast,2025,22,2025-05-26,UA-74,82,0
Chernihiv Oblast,2025,23,2025-06-02,UA-74,87,8
Chernihiv Oblast,2025,24,2025-06-09,UA-74,89,1
Chernihiv Oblast,2025,25,2025-06-16,UA-74,124,3
Chernihiv Oblast,2025,26,2025-06-23,UA-74,73,0
Chernihiv Oblast,2025,27,2025-06-30,UA-74,86,0
Chernihiv Oblast,2025,28,2025-07-07,UA-74,26,0
Chernivtsi Oblast,2022,21,2022-05-23,UA-77,2,0
Chernivtsi Oblast,2022,37,2022-09-12,UA-77,1,0
Chernivtsi Oblast,2022,41,2022-10-10,UA-77,1,0
Chernivtsi Oblast,2022,42,2022-10-17,UA-77,1,0
Chernivtsi Oblast,2022,44,2022-10-31,UA-77,1,0
Chernivtsi Oblast,2023,21,2023-05-22,UA-77,2,0
Chernivtsi Oblast,2023,50,2023-12-11,UA-77,1,0
Chernivtsi Oblast,2024,4,2024-01-22,UA-77,1,0
Chernivtsi Oblast,2024,6,2024-02-05,UA-77,1,0
Chernivtsi Oblast,2024,7,2024-02-12,UA-77,1,0
Chernivtsi Oblast,2024,8,2024-02-19,UA-77,1,0
Chernivtsi Oblast,2024,10,2024-03-04,UA-77,1,0
Chernivtsi Oblast,2024,13,2024-03-25,UA-77,2,0
Chernivtsi Oblast,2024,15,2024-04-08,UA-77,1,0
Chernivtsi Oblast,2024,38,2024-09-16,UA-77,1,0
Chernivtsi Oblast,2024,42,2024-10-14,UA-77,1,0
Chernivtsi Oblast,2024,48,2024-11-25,UA-77,2,0
Chernivtsi Oblast,2024,49,2024-12-02,UA-77,1,0
Chernivtsi Oblast,2024,51,2024-12-16,UA-77,1,0
Chernivtsi Oblast,2025,6,2025-02-03,UA-77,1,0
Chernivtsi Oblast,2025,7,2025-02-10,UA-77,1,0
Chernivtsi Oblast,2025,21,2025-05-19,UA-77,1,0
Dnipropetrovsk Oblast,2022,8,2022-02-21,UA-12,1,0
Dnipropetrovsk Oblast,2022,9,2022-02-28,UA-12,1,0
Dnipropetrovsk Oblast,2022,10,2022-03-07,UA-12,4,1
Dnipropetrovsk Oblast,2022,11,2022-03-14,UA-12,14,10
Dnipropetrovsk Oblast,2022,12,2022-03-21,UA-12,10,4
Dnipropetrovsk Oblast,2022,13,2022-03-28,UA-12,17,4
Dnipropetrovsk Oblast,2022,14,2022-04-04,UA-12,19,7
Dnipropetrovsk Oblast,2022,15,2022-04-11,UA-12,13,1
Dnipropetrovsk Oblast,2022,16,2022-04-18,UA-12,16,11
Dnipropetrovsk Oblast,2022,17,2022-04-25,UA-12,36,2
Dnipropetrovsk Oblast,2022,18,2022-05-02,UA-12,15,1
Dnipropetrovsk Oblast,2022,19,2022-05-09,UA-12,24,5
Dnipropetrovsk Oblast,2022,20,2022-05-16,UA-12,14,0
Dnipropetrovsk Oblast,2022,21,2022-05-23,UA-12,24,73
Dnipropetrovsk Oblast,2022,22,2022-05-30,UA-12,16,0
Dnipropetrovsk Oblast,2022,23,2022-06-06,UA-12,16,1
Dnipropetrovsk Oblast,2022,24,2022-06-13,UA-12,23,28
Dnipropetrovsk Oblast,2022,25,2022-06-20,UA-12,19,0
Dnipropetrovsk Oblast,2022,26,2022-06-27,UA-12,18,2
Dnipropetrovsk Oblast,2022,27,2022-07-04,UA-12,22,13
Dnipropetrovsk Oblast,2022,28,2022-07-11,UA-12,29,5
Dnipropetrovsk Oblast,2022,29,2022-07-18,UA-12,27,3
Dnipropetrovsk Oblast,2022,30,2022-07-25,UA-12,33,11
Dnipropetrovsk Oblast,2022,31,2022-08-01,UA-12,27,11
Dnipropetrovsk Oblast,2022,32,2022-08-08,UA-12,35,20
Dnipropetrovsk Oblast,2022,33,2022-08-15,UA-12,42,17
Dnipropetrovsk Oblast,2022,34,2022-08-22,UA-12,62,44
Dnipropetrovsk Oblast,2022,35,2022-08-29,UA-12,40,72
Dnipropetrovsk Oblast,2022,36,2022-09-05,UA-12,43,41
Dnipropetrovsk Oblast,2022,37,2022-09-12,UA-12,42,16
Dnipropetrovsk Oblast,2022,38,2022-09-19,UA-12,42,4
Dnipropetrovsk Oblast,2022,39,2022-09-26,UA-12,41,6
Dnipropetrovsk Oblast,2022,40,2022-10-03,UA-12,43,1
Dnipropetrovsk Oblast,2022,41,2022-10-10,UA-12,47,0
Dnipropetrovsk Oblast,2022,42,2022-10-17,UA-12,33,0
Dnipropetrovsk Oblast,2022,43,2022-10-24,UA-12,27,2
Dnipropetrovsk Oblast,2022,44,2022-10-31,UA-12,35,1
Dnipropetrovsk Oblast,2022,45,2022-11-07,UA-12,39,1
Dnipropetrovsk Oblast,2022,46,2022-11-14,UA-12,35,0
Dnipropetrovsk Oblast,2022,47,2022-11-21,UA-12,27,11
Dnipropetrovsk Oblast,2022,48,2022-11-28,UA-12,30,2
Dnipropetrovsk Oblast,2022,49,2022-12-05,UA-12,23,1
Dnipropetrovsk Oblast,2022,50,2022-12-12,UA-12,21,3
Dnipropetrovsk Oblast,2022,51,2022-12-19,UA-12,18,0
Dnipropetrovsk Oblast,2022,52,2022-12-26,UA-12,20,0
Dnipropetrovsk Oblast,2023,1,2023-01-02,UA-12,22,1
Dnipropetrovsk Oblast,2023,2,2023-01-09,UA-12,15,47
Dnipropetrovsk Oblast,2023,3,2023-01-16,UA-12,14,3
Dnipropetrovsk Oblast,2023,4,2023-01-23,UA-12,15,0
Dnipropetrovsk Oblast,2023,5,2023-01-30,UA-12,12,0
Dnipropetrovsk Oblast,2023,6,2023-02-06,UA-12,23,6
Dnipropetrovsk Oblast,2023,7,2023-02-13,UA-12,20,1
Dnipropetrovsk Oblast,2023,8,2023-02-20,UA-12,22,0
Dnipropetrovsk Oblast,2023,9,2023-02-27,UA-12,23,2
Dnipropetrovsk Oblast,2023,10,2023-03-06,UA-12,16,2
Dnipropetrovsk Oblast,2023,11,2023-03-13,UA-12,19,2
Dnipropetrovsk Oblast,2023,12,2023-03-20,UA-12,9,0
Dnipropetrovsk Oblast,2023,13,2023-03-27,UA-12,6,0
Dnipropetrovsk Oblast,2023,14,2023-04-03,UA-12,6,0
Dnipropetrovsk Oblast,2023,15,2023-04-10,UA-12,5,0
Dnipropetrovsk Oblast,2023,16,2023-04-17,UA-12,12,0
Dnipropetrovsk Oblast,2023,17,2023-04-24,UA-12,12,4
Dnipropetrovsk Oblast,2023,18,2023-05-01,UA-12,21,6
Dnipropetrovsk Oblast,2023,19,2023-05-08,UA-12,16,0
Dnipropetrovsk Oblast,2023,20,2023-05-15,UA-12,18,0
Dnipropetrovsk Oblast,2023,21,2023-05-22,UA-12,15,4
Dnipropetrovsk Oblast,2023,22,2023-05-29,UA-12,11,2
Dnipropetrovsk Oblast,2023,23,2023-06-05,UA-12,20,0
Dnipropetrovsk Oblast,2023,24,2023-06-12,UA-12,13,21
Dnipropetrovsk Oblast,2023,25,2023-06-19,UA-12,22,1
Dnipropetrovsk Oblast,2023,26,2023-06-26,UA-12,13,2
Dnipropetrovsk Oblast,2023,27,2023-07-03,UA-12,16,2
Dnipropetrovsk Oblast,2023,28,2023-07-10,UA-12,12,0
Dnipropetrovsk Oblast,2023,29,2023-07-17,UA-12,20,0
Dnipropetrovsk Oblast,2023,30,2023-07-24,UA-12,16,0
Dnipropetrovsk Oblast,2023,31,2023-07-31,UA-12,11,6
Dnipropetrovsk Oblast,2023,32,2023-08-07,UA-12,15,1
Dnipropetrovsk Oblast,2023,33,2023-08-14,UA-12,14,1
Dnipropetrovsk Oblast,2023,34,2023-08-21,UA-12,18,1
Dnipropetrovsk Oblast,2023,35,2023-08-28,UA-12,16,0
Dnipropetrovsk Oblast,2023,36,2023-09-04,UA-12,19,1
Dnipropetrovsk Oblast,2023,37,2023-09-11,UA-12,22,0
Dnipropetrovsk Oblast,2023,38,2023-09-18,UA-12,29,0
Dnipropetrovsk Oblast,2023,39,2023-09-25,UA-12,21,0
Dnipropetrovsk Oblast,2023,40,2023-10-02,UA-12,12,0
Dnipropetrovsk Oblast,2023,41,2023-10-09,UA-12,24,4
Dnipropetrovsk Oblast,2023,42,2023-10-16,UA-12,20,3
Dnipropetrovsk Oblast,2023,43,2023-10-23,UA-12,22,0
Dnipropetrovsk Oblast,2023,44,2023-10-30,UA-12,23,3
Dnipropetrovsk Oblast,2023,45,2023-11-06,UA-12,18,1
Dnipropetrovsk Oblast,2023,46,2023-11-13,UA-12,19,1
Dnipropetrovsk Oblast,2023,47,2023-11-20,UA-12,23,1
Dnipropetrovsk Oblast,2023,48,2023-11-27,UA-12,26,1
Dnipropetrovsk Oblast,2023,49,2023-12-04,UA-12,28,1
Dnipropetrovsk Oblast,2023,50,2023-12-11,UA-12,15,0
Dnipropetrovsk Oblast,2023,51,2023-12-18,UA-12,28,2
Dnipropetrovsk Oblast,2023,52,2023-12-25,UA-12,21,8
Dnipropetrovsk Oblast,2024,1,2024-01-01,UA-12,41,3
Dnipropetrovsk Oblast,2024,2,2024-01-08,UA-12,23,2
Dnipropetrovsk Oblast,2024,3,2024-01-15,UA-12,22,0
Dnipropetrovsk Oblast,2024,4,2024-01-22,UA-12,21,1
Dnipropetrovsk Oblast,2024,5,2024-01-29,UA-12,32,0
Dnipropetrovsk Oblast,2024,6,2024-02-05,UA-12,27,1
Dnipropetrovsk Oblast,2024,7,2024-02-12,UA-12,30,6
Dnipropetrovsk Oblast,2024,8,2024-02-19,UA-12,35,5
Dnipropetrovsk Oblast,2024,9,2024-02-26,UA-12,25,4
Dnipropetrovsk Oblast,2024,10,2024-03-04,UA-12,26,4
Dnipropetrovsk Oblast,2024,11,2024-03-11,UA-12,24,13
Dnipropetrovsk Oblast,2024,12,2024-03-18,UA-12,37,0
Dnipropetrovsk Oblast,2024,13,2024-03-25,UA-12,35,7
Dnipropetrovsk Oblast,2024,14,2024-04-01,UA-12,37,0
Dnipropetrovsk Oblast,2024,15,2024-04-08,UA-12,32,8
Dnipropetrovsk Oblast,2024,16,2024-04-15,UA-12,44,19
Dnipropetrovsk Oblast,2024,17,2024-04-22,UA-12,37,5
Dnipropetrovsk Oblast,2024,18,2024-04-29,UA-12,26,0
Dnipropetrovsk Oblast,2024,19,2024-05-06,UA-12,30,5
Dnipropetrovsk Oblast,2024,20,2024-05-13,UA-12,34,13
Dnipropetrovsk Oblast,2024,21,2024-05-20,UA-12,37,0
Dnipropetrovsk Oblast,2024,22,2024-05-27,UA-12,35,12
Dnipropetrovsk Oblast,2024,23,2024-06-03,UA-12,38,14
Dnipropetrovsk Oblast,2024,24,2024-06-10,UA-12,38,27
Dnipropetrovsk Oblast,2024,25,2024-06-17,UA-12,26,1
Dnipropetrovsk Oblast,2024,26,2024-06-24,UA-12,21,3
Dnipropetrovsk Oblast,2024,27,2024-07-01,UA-12,32,11
Dnipropetrovsk Oblast,2024,28,2024-07-08,UA-12,22,14
Dnipropetrovsk Oblast,2024,29,2024-07-15,UA-12,27,5
Dnipropetrovsk Oblast,2024,30,2024-07-22,UA-12,19,0
Dnipropetrovsk Oblast,2024,31,2024-07-29,UA-12,32,2
Dnipropetrovsk Oblast,2024,32,2024-08-05,UA-12,32,1
Dnipropetrovsk Oblast,2024,33,2024-08-12,UA-12,36,1
Dnipropetrovsk Oblast,2024,34,2024-08-19,UA-12,31,0
Dnipropetrovsk Oblast,2024,35,2024-08-26,UA-12,37,8
Dnipropetrovsk Oblast,2024,36,2024-09-02,UA-12,31,3
Dnipropetrovsk Oblast,2024,37,2024-09-09,UA-12,34,2
Dnipropetrovsk Oblast,2024,38,2024-09-16,UA-12,31,8
Dnipropetrovsk Oblast,2024,39,2024-09-23,UA-12,36,4
Dnipropetrovsk Oblast,2024,40,2024-09-30,UA-12,45,2
Dnipropetrovsk Oblast,2024,41,2024-10-07,UA-12,38,0
Dnipropetrovsk Oblast,2024,42,2024-10-14,UA-12,31,2
Dnipropetrovsk Oblast,2024,43,2024-10-21,UA-12,37,8
Dnipropetrovsk Oblast,2024,44,2024-10-28,UA-12,41,7
Dnipropetrovsk Oblast,2024,45,2024-11-04,UA-12,29,0
Dnipropetrovsk Oblast,2024,46,2024-11-11,UA-12,32,8
Dnipropetrovsk Oblast,2024,47,2024-11-18,UA-12,23,0
Dnipropetrovsk Oblast,2024,48,2024-11-25,UA-12,28,7
Dnipropetrovsk Oblast,2024,49,2024-12-02,UA-12,39,3
Dnipropetrovsk Oblast,2024,50,2024-12-09,UA-12,27,1
Dnipropetrovsk Oblast,2024,51,2024-12-16,UA-12,33,0
Dnipropetrovsk Oblast,2024,52,2024-12-23,UA-12,32,2
Dnipropetrovsk Oblast,2025,1,2024-12-30,UA-12,37,4
Dnipropetrovsk Oblast,2025,2,2025-01-06,UA-12,38,0
Dnipropetrovsk Oblast,2025,3,2025-01-13,UA-12,23,7
Dnipropetrovsk Oblast,2025,4,2025-01-20,UA-12,24,0
Dnipropetrovsk Oblast,2025,5,2025-01-27,UA-12,36,3
Dnipropetrovsk Oblast,2025,6,2025-02-03,UA-12,35,1
Dnipropetrovsk Oblast,2025,7,2025-02-10,UA-12,36,1
Dnipropetrovsk Oblast,2025,8,2025-02-17,UA-12,37,3
Dnipropetrovsk Oblast,2025,9,2025-02-24,UA-12,40,44
Dnipropetrovsk Oblast,2025,10,2025-03-03,UA-12,35,10
Dnipropetrovsk Oblast,2025,11,2025-03-10,UA-12,43,4
Dnipropetrovsk Oblast,2025,12,2025-03-17,UA-12,35,1
Dnipropetrovsk Oblast,2025,13,2025-03-24,UA-12,36,7
Dnipropetrovsk Oblast,2025,14,2025-03-31,UA-12,40,31
Dnipropetrovsk Oblast,2025,15,2025-04-07,UA-12,38,6
Dnipropetrovsk Oblast,2025,16,2025-04-14,UA-12,40,5
Dnipropetrovsk Oblast,2025,17,2025-04-21,UA-12,53,20
Dnipropetrovsk Oblast,2025,18,2025-04-28,UA-12,48,3
Dnipropetrovsk Oblast,2025,19,2025-05-05,UA-12,37,2
Dnipropetrovsk Oblast,2025,20,2025-05-12,UA-12,40,5
Dnipropetrovsk Oblast,2025,21,2025-05-19,UA-12,46,2
Dnipropetrovsk Oblast,2025,22,2025-05-26,UA-12,45,15
Dnipropetrovsk Oblast,2025,23,2025-06-02,UA-12,48,4
Dnipropetrovsk Oblast,2025,24,2025-06-09,UA-12,49,16
Dnipropetrovsk Oblast,2025,25,2025-06-16,UA-12,43,22
Dnipropetrovsk Oblast,2025,26,2025-06-23,UA-12,53,61
Dnipropetrovsk Oblast,2025,27,2025-06-30,UA-12,55,25
Dnipropetrovsk Oblast,2025,28,2025-07-07,UA-12,22,3
Donetsk Oblast,2022,8,2022-02-21,UA-14,53,32
Donetsk Oblast,2022,9,2022-02-28,UA-14,139,55
Donetsk Oblast,2022,10,2022-03-07,UA-14,179,96
Donetsk Oblast,2022,11,2022-03-14,UA-14,126,744
Donetsk Oblast,2022,12,2022-03-21,UA-14,150,110
Donetsk Oblast,2022,13,2022-03-28,UA-14,180,60
Donetsk Oblast,2022,14,2022-04-04,UA-14,204,117
Donetsk Oblast,2022,15,2022-04-11,UA-14,188,107
Donetsk Oblast,2022,16,2022-04-18,UA-14,228,283
Donetsk Oblast,2022,17,2022-04-25,UA-14,229,89
Donetsk Oblast,2022,18,2022-05-02,UA-14,252,91
Donetsk Oblast,2022,19,2022-05-09,UA-14,280,307
Donetsk Oblast,2022,20,2022-05-16,UA-14,364,109
Donetsk Oblast,2022,21,2022-05-23,UA-14,321,170
Donetsk Oblast,2022,22,2022-05-30,UA-14,345,266
Donetsk Oblast,2022,23,2022-06-06,UA-14,348,235
Donetsk Oblast,2022,24,2022-06-13,UA-14,336,199
Donetsk Oblast,2022,25,2022-06-20,UA-14,431,152
Donetsk Oblast,2022,26,2022-06-27,UA-14,396,441
Donetsk Oblast,2022,27,2022-07-04,UA-14,404,291
Donetsk Oblast,2022,28,2022-07-11,UA-14,488,303
Donetsk Oblast,2022,29,2022-07-18,UA-14,472,223
Donetsk Oblast,2022,30,2022-07-25,UA-14,533,248
Donetsk Oblast,2022,31,2022-08-01,UA-14,526,414
Donetsk Oblast,2022,32,2022-08-08,UA-14,474,195
Donetsk Oblast,2022,33,2022-08-15,UA-14,536,146
Donetsk Oblast,2022,34,2022-08-22,UA-14,475,173
Donetsk Oblast,2022,35,2022-08-29,UA-14,434,263
Donetsk Oblast,2022,36,2022-09-05,UA-14,469,74
Donetsk Oblast,2022,37,2022-09-12,UA-14,463,98
Donetsk Oblast,2022,38,2022-09-19,UA-14,515,148
Donetsk Oblast,2022,39,2022-09-26,UA-14,460,272
Donetsk Oblast,2022,40,2022-10-03,UA-14,426,131
Donetsk Oblast,2022,41,2022-10-10,UA-14,390,136
Donetsk Oblast,2022,42,2022-10-17,UA-14,356,106
Donetsk Oblast,2022,43,2022-10-24,UA-14,345,344
Donetsk Oblast,2022,44,2022-10-31,UA-14,384,30
Donetsk Oblast,2022,45,2022-11-07,UA-14,395,604
Donetsk Oblast,2022,46,2022-11-14,UA-14,355,100
Donetsk Oblast,2022,47,2022-11-21,UA-14,364,107
Donetsk Oblast,2022,48,2022-11-28,UA-14,403,61
Donetsk Oblast,2022,49,2022-12-05,UA-14,405,139
Donetsk Oblast,2022,50,2022-12-12,UA-14,399,187
Donetsk Oblast,2022,51,2022-12-19,UA-14,391,109
Donetsk Oblast,2022,52,2022-12-26,UA-14,380,379
Donetsk Oblast,2023,1,2023-01-02,UA-14,382,216
Donetsk Oblast,2023,2,2023-01-09,UA-14,388,326
Donetsk Oblast,2023,3,2023-01-16,UA-14,403,247
Donetsk Oblast,2023,4,2023-01-23,UA-14,418,818
Donetsk Oblast,2023,5,2023-01-30,UA-14,438,351
Donetsk Oblast,2023,6,2023-02-06,UA-14,471,306
Donetsk Oblast,2023,7,2023-02-13,UA-14,451,493
Donetsk Oblast,2023,8,2023-02-20,UA-14,516,165
Donetsk Oblast,2023,9,2023-02-27,UA-14,517,82
Donetsk Oblast,2023,10,2023-03-06,UA-14,471,473
Donetsk Oblast,2023,11,2023-03-13,UA-14,511,352
Donetsk Oblast,2023,12,2023-03-20,UA-14,489,218
Donetsk Oblast,2023,13,2023-03-27,UA-14,438,303
Donetsk Oblast,2023,14,2023-04-03,UA-14,474,282
Donetsk Oblast,2023,15,2023-04-10,UA-14,447,938
Donetsk Oblast,2023,16,2023-04-17,UA-14,467,147
Donetsk Oblast,2023,17,2023-04-24,UA-14,492,654
Donetsk Oblast,2023,18,2023-05-01,UA-14,520,358
Donetsk Oblast,2023,19,2023-05-08,UA-14,503,681
Donetsk Oblast,2023,20,2023-05-15,UA-14,500,602
Donetsk Oblast,2023,21,2023-05-22,UA-14,442,626
Donetsk Oblast,2023,22,2023-05-29,UA-14,494,340
Donetsk Oblast,2023,23,2023-06-05,UA-14,659,148
Donetsk Oblast,2023,24,2023-06-12,UA-14,615,222
Donetsk Oblast,2023,25,2023-06-19,UA-14,459,354
Donetsk Oblast,2023,26,2023-06-26,UA-14,502,259
Donetsk Oblast,2023,27,2023-07-03,UA-14,520,155
Donetsk Oblast,2023,28,2023-07-10,UA-14,504,240
Donetsk Oblast,2023,29,2023-07-17,UA-14,551,225
Donetsk Oblast,2023,30,2023-07-24,UA-14,472,379
Donetsk Oblast,2023,31,2023-07-31,UA-14,486,380
Donetsk Oblast,2023,32,2023-08-07,UA-14,468,243
Donetsk Oblast,2023,33,2023-08-14,UA-14,561,173
Donetsk Oblast,2023,34,2023-08-21,UA-14,500,150
Donetsk Oblast,2023,35,2023-08-28,UA-14,547,142
Donetsk Oblast,2023,36,2023-09-04,UA-14,508,180
Donetsk Oblast,2023,37,2023-09-11,UA-14,415,202
Donetsk Oblast,2023,38,2023-09-18,UA-14,434,148
Donetsk Oblast,2023,39,2023-09-25,UA-14,436,142
Donetsk Oblast,2023,40,2023-10-02,UA-14,441,138
Donetsk Oblast,2023,41,2023-10-09,UA-14,466,651
Donetsk Oblast,2023,42,2023-10-16,UA-14,444,612
Donetsk Oblast,2023,43,2023-10-23,UA-14,414,187
Donetsk Oblast,2023,44,2023-10-30,UA-14,434,412
Donetsk Oblast,2023,45,2023-11-06,UA-14,382,157
Donetsk Oblast,2023,46,2023-11-13,UA-14,442,186
Donetsk Oblast,2023,47,2023-11-20,UA-14,387,146
Donetsk Oblast,2023,48,2023-11-27,UA-14,387,206
Donetsk Oblast,2023,49,2023-12-04,UA-14,403,160
Donetsk Oblast,2023,50,2023-12-11,UA-14,342,152
Donetsk Oblast,2023,51,2023-12-18,UA-14,368,173
Donetsk Oblast,2023,52,2023-12-25,UA-14,410,167
Donetsk Oblast,2024,1,2024-01-01,UA-14,344,174
Donetsk Oblast,2024,2,2024-01-08,UA-14,348,177
Donetsk Oblast,2024,3,2024-01-15,UA-14,382,207
Donetsk Oblast,2024,4,2024-01-22,UA-14,330,153
Donetsk Oblast,2024,5,2024-01-29,UA-14,366,195
Donetsk Oblast,2024,6,2024-02-05,UA-14,338,170
Donetsk Oblast,2024,7,2024-02-12,UA-14,377,231
Donetsk Oblast,2024,8,2024-02-19,UA-14,420,231
Donetsk Oblast,2024,9,2024-02-26,UA-14,391,196
Donetsk Oblast,2024,10,2024-03-04,UA-14,368,191
Donetsk Oblast,2024,11,2024-03-11,UA-14,353,178
Donetsk Oblast,2024,12,2024-03-18,UA-14,354,208
Donetsk Oblast,2024,13,2024-03-25,UA-14,319,205
Donetsk Oblast,2024,14,2024-04-01,UA-14,338,231
Donetsk Oblast,2024,15,2024-04-08,UA-14,347,203
Donetsk Oblast,2024,16,2024-04-15,UA-14,332,204
Donetsk Oblast,2024,17,2024-04-22,UA-14,362,220
Donetsk Oblast,2024,18,2024-04-29,UA-14,389,219
Donetsk Oblast,2024,19,2024-05-06,UA-14,364,195
Donetsk Oblast,2024,20,2024-05-13,UA-14,289,1257
Donetsk Oblast,2024,21,2024-05-20,UA-14,348,1344
Donetsk Oblast,2024,22,2024-05-27,UA-14,316,1169
Donetsk Oblast,2024,23,2024-06-03,UA-14,321,1203
Donetsk Oblast,2024,24,2024-06-10,UA-14,312,1220
Donetsk Oblast,2024,25,2024-06-17,UA-14,340,693
Donetsk Oblast,2024,26,2024-06-24,UA-14,334,1129
Donetsk Oblast,2024,27,2024-07-01,UA-14,409,1058
Donetsk Oblast,2024,28,2024-07-08,UA-14,356,415
Donetsk Oblast,2024,29,2024-07-15,UA-14,407,744
Donetsk Oblast,2024,30,2024-07-22,UA-14,411,660
Donetsk Oblast,2024,31,2024-07-29,UA-14,396,732
Donetsk Oblast,2024,32,2024-08-05,UA-14,345,489
Donetsk Oblast,2024,33,2024-08-12,UA-14,368,1136
Donetsk Oblast,2024,34,2024-08-19,UA-14,376,740
Donetsk Oblast,2024,35,2024-08-26,UA-14,359,864
Donetsk Oblast,2024,36,2024-09-02,UA-14,398,606
Donetsk Oblast,2024,37,2024-09-09,UA-14,380,945
Donetsk Oblast,2024,38,2024-09-16,UA-14,415,1054
Donetsk Oblast,2024,39,2024-09-23,UA-14,381,823
Donetsk Oblast,2024,40,2024-09-30,UA-14,383,893
Donetsk Oblast,2024,41,2024-10-07,UA-14,423,740
Donetsk Oblast,2024,42,2024-10-14,UA-14,374,1005
Donetsk Oblast,2024,43,2024-10-21,UA-14,399,935
Donetsk Oblast,2024,44,2024-10-28,UA-14,416,835
Donetsk Oblast,2024,45,2024-11-04,UA-14,425,683
Donetsk Oblast,2024,46,2024-11-11,UA-14,442,1046
Donetsk Oblast,2024,47,2024-11-18,UA-14,406,727
Donetsk Oblast,2024,48,2024-11-25,UA-14,377,1113
Donetsk Oblast,2024,49,2024-12-02,UA-14,376,1158
Donetsk Oblast,2024,50,2024-12-09,UA-14,390,914
Donetsk Oblast,2024,51,2024-12-16,UA-14,428,1011
Donetsk Oblast,2024,52,2024-12-23,UA-14,401,1199
Donetsk Oblast,2025,1,2024-12-30,UA-14,403,878
Donetsk Oblast,2025,2,2025-01-06,UA-14,402,1170
Donetsk Oblast,2025,3,2025-01-13,UA-14,434,951
Donetsk Oblast,2025,4,2025-01-20,UA-14,440,828
Donetsk Oblast,2025,5,2025-01-27,UA-14,414,695
Donetsk Oblast,2025,6,2025-02-03,UA-14,403,734
Donetsk Oblast,2025,7,2025-02-10,UA-14,414,740
Donetsk Oblast,2025,8,2025-02-17,UA-14,400,1041
Donetsk Oblast,2025,9,2025-02-24,UA-14,408,575
Donetsk Oblast,2025,10,2025-03-03,UA-14,462,782
Donetsk Oblast,2025,11,2025-03-10,UA-14,489,938
Donetsk Oblast,2025,12,2025-03-17,UA-14,434,626
Donetsk Oblast,2025,13,2025-03-24,UA-14,464,968
Donetsk Oblast,2025,14,2025-03-31,UA-14,491,922
Donetsk Oblast,2025,15,2025-04-07,UA-14,484,751
Donetsk Oblast,2025,16,2025-04-14,UA-14,464,1400
Donetsk Oblast,2025,17,2025-04-21,UA-14,529,768
Donetsk Oblast,2025,18,2025-04-28,UA-14,550,814
Donetsk Oblast,2025,19,2025-05-05,UA-14,506,974
Donetsk Oblast,2025,20,2025-05-12,UA-14,530,636
Donetsk Oblast,2025,21,2025-05-19,UA-14,533,815
Donetsk Oblast,2025,22,2025-05-26,UA-14,493,466
Donetsk Oblast,2025,23,2025-06-02,UA-14,533,658
Donetsk Oblast,2025,24,2025-06-09,UA-14,524,741
Donetsk Oblast,2025,25,2025-06-16,UA-14,488,947
Donetsk Oblast,2025,26,2025-06-23,UA-14,511,603
Donetsk Oblast,2025,27,2025-06-30,UA-14,518,605
Donetsk Oblast,2025,28,2025-07-07,UA-14,164,268
Ivano-Frankivsk Oblast,2022,8,2022-02-21,UA-26,2,0
Ivano-Frankivsk Oblast,2022,10,2022-03-07,UA-26,2,0
Ivano-Frankivsk Oblast,2022,11,2022-03-14,UA-26,1,0
Ivano-Frankivsk Oblast,2022,12,2022-03-21,UA-26,1,0
Ivano-Frankivsk Oblast,2022,18,2022-05-02,UA-26,1,0
Ivano-Frankivsk Oblast,2022,20,2022-05-16,UA-26,1,0
Ivano-Frankivsk Oblast,2022,24,2022-06-13,UA-26,1,0
Ivano-Frankivsk Oblast,2022,31,2022-08-01,UA-26,1,0
Ivano-Frankivsk Oblast,2022,38,2022-09-19,UA-26,1,0
Ivano-Frankivsk Oblast,2022,41,2022-10-10,UA-26,2,0
Ivano-Frankivsk Oblast,2022,42,2022-10-17,UA-26,1,0
Ivano-Frankivsk Oblast,2022,52,2022-12-26,UA-26,2,0
Ivano-Frankivsk Oblast,2023,2,2023-01-09,UA-26,1,0
Ivano-Frankivsk Oblast,2023,10,2023-03-06,UA-26,1,0
Ivano-Frankivsk Oblast,2023,21,2023-05-22,UA-26,1,0
Ivano-Frankivsk Oblast,2023,32,2023-08-07,UA-26,2,1
Ivano-Frankivsk Oblast,2023,44,2023-10-30,UA-26,3,0
Ivano-Frankivsk Oblast,2023,45,2023-11-06,UA-26,1,0
Ivano-Frankivsk Oblast,2023,49,2023-12-04,UA-26,1,0
Ivano-Frankivsk Oblast,2024,3,2024-01-15,UA-26,1,0
Ivano-Frankivsk Oblast,2024,4,2024-01-22,UA-26,1,0
Ivano-Frankivsk Oblast,2024,5,2024-01-29,UA-26,1,0
Ivano-Frankivsk Oblast,2024,6,2024-02-05,UA-26,2,0
Ivano-Frankivsk Oblast,2024,7,2024-02-12,UA-26,2,0
Ivano-Frankivsk Oblast,2024,9,2024-02-26,UA-26,1,0
Ivano-Frankivsk Oblast,2024,12,2024-03-18,UA-26,2,0
Ivano-Frankivsk Oblast,2024,13,2024-03-25,UA-26,2,0
Ivano-Frankivsk Oblast,2024,15,2024-04-08,UA-26,1,0
Ivano-Frankivsk Oblast,2024,16,2024-04-15,UA-26,2,0
Ivano-Frankivsk Oblast,2024,17,2024-04-22,UA-26,1,0
Ivano-Frankivsk Oblast,2024,19,2024-05-06,UA-26,1,0
Ivano-Frankivsk Oblast,2024,20,2024-05-13,UA-26,2,0
Ivano-Frankivsk Oblast,2024,22,2024-05-27,UA-26,3,0
Ivano-Frankivsk Oblast,2024,23,2024-06-03,UA-26,1,0
Ivano-Frankivsk Oblast,2024,25,2024-06-17,UA-26,1,0
Ivano-Frankivsk Oblast,2024,28,2024-07-08,UA-26,2,0
Ivano-Frankivsk Oblast,2024,29,2024-07-15,UA-26,1,0
Ivano-Frankivsk Oblast,2024,30,2024-07-22,UA-26,3,0
Ivano-Frankivsk Oblast,2024,33,2024-08-12,UA-26,1,0
Ivano-Frankivsk Oblast,2024,34,2024-08-19,UA-26,1,0
Ivano-Frankivsk Oblast,2024,35,2024-08-26,UA-26,4,0
Ivano-Frankivsk Oblast,2024,36,2024-09-02,UA-26,1,0
Ivano-Frankivsk Oblast,2024,37,2024-09-09,UA-26,3,0
Ivano-Frankivsk Oblast,2024,38,2024-09-16,UA-26,1,0
Ivano-Frankivsk Oblast,2024,39,2024-09-23,UA-26,2,0
Ivano-Frankivsk Oblast,2024,40,2024-09-30,UA-26,1,0
Ivano-Frankivsk Oblast,2024,45,2024-11-04,UA-26,1,0
Ivano-Frankivsk Oblast,2024,46,2024-11-11,UA-26,4,0
Ivano-Frankivsk Oblast,2024,48,2024-11-25,UA-26,1,0
Ivano-Frankivsk Oblast,2024,50,2024-12-09,UA-26,1,0
Ivano-Frankivsk Oblast,2024,52,2024-12-23,UA-26,1,0
Ivano-Frankivsk Oblast,2025,1,2024-12-30,UA-26,2,0
Ivano-Frankivsk Oblast,2025,2,2025-01-06,UA-26,1,0
Ivano-Frankivsk Oblast,2025,3,2025-01-13,UA-26,2,0
Ivano-Frankivsk Oblast,2025,5,2025-01-27,UA-26,2,0
Ivano-Frankivsk Oblast,2025,7,2025-02-10,UA-26,1,0
Ivano-Frankivsk Oblast,2025,10,2025-03-03,UA-26,1,0
Ivano-Frankivsk Oblast,2025,11,2025-03-10,UA-26,1,1
Ivano-Frankivsk Oblast,2025,12,2025-03-17,UA-26,1,0
Ivano-Frankivsk Oblast,2025,13,2025-03-24,UA-26,1,0
Ivano-Frankivsk Oblast,2025,18,2025-04-28,UA-26,1,0
Ivano-Frankivsk Oblast,2025,20,2025-05-12,UA-26,2,0
Ivano-Frankivsk Oblast,2025,21,2025-05-19,UA-26,1,0
Ivano-Frankivsk Oblast,2025,24,2025-06-09,UA-26,1,0
Ivano-Frankivsk Oblast,2025,26,2025-06-23,UA-26,2,1
Kharkiv Oblast,2022,8,2022-02-21,UA-63,39,53
Kharkiv Oblast,2022,9,2022-02-28,UA-63,59,161
Kharkiv Oblast,2022,10,2022-03-07,UA-63,69,267
Kharkiv Oblast,2022,11,2022-03-14,UA-63,79,127
Kharkiv Oblast,2022,12,2022-03-21,UA-63,77,137
Kharkiv Oblast,2022,13,2022-03-28,UA-63,65,75
Kharkiv Oblast,2022,14,2022-04-04,UA-63,73,39
Kharkiv Oblast,2022,15,2022-04-11,UA-63,85,106
Kharkiv Oblast,2022,16,2022-04-18,UA-63,96,162
Kharkiv Oblast,2022,17,2022-04-25,UA-63,138,60
Kharkiv Oblast,2022,18,2022-05-02,UA-63,127,174
Kharkiv Oblast,2022,19,2022-05-09,UA-63,125,330
Kharkiv Oblast,2022,20,2022-05-16,UA-63,178,12
Kharkiv Oblast,2022,21,2022-05-23,UA-63,191,65
Kharkiv Oblast,2022,22,2022-05-30,UA-63,218,42
Kharkiv Oblast,2022,23,2022-06-06,UA-63,201,39
Kharkiv Oblast,2022,24,2022-06-13,UA-63,213,5
Kharkiv Oblast,2022,25,2022-06-20,UA-63,247,38
Kharkiv Oblast,2022,26,2022-06-27,UA-63,260,89
Kharkiv Oblast,2022,27,2022-07-04,UA-63,231,38
Kharkiv Oblast,2022,28,2022-07-11,UA-63,237,60
Kharkiv Oblast,2022,29,2022-07-18,UA-63,229,61
Kharkiv Oblast,2022,30,2022-07-25,UA-63,281,71
Kharkiv Oblast,2022,31,2022-08-01,UA-63,255,43
Kharkiv Oblast,2022,32,2022-08-08,UA-63,249,68
Kharkiv Oblast,2022,33,2022-08-15,UA-63,277,54
Kharkiv Oblast,2022,34,2022-08-22,UA-63,236,63
Kharkiv Oblast,2022,35,2022-08-29,UA-63,234,41
Kharkiv Oblast,2022,36,2022-09-05,UA-63,272,100
Kharkiv Oblast,2022,37,2022-09-12,UA-63,136,129
Kharkiv Oblast,2022,38,2022-09-19,UA-63,133,100
Kharkiv Oblast,2022,39,2022-09-26,UA-63,115,135
Kharkiv Oblast,2022,40,2022-10-03,UA-63,159,114
Kharkiv Oblast,2022,41,2022-10-10,UA-63,135,75
Kharkiv Oblast,2022,42,2022-10-17,UA-63,134,17
Kharkiv Oblast,2022,43,2022-10-24,UA-63,159,43
Kharkiv Oblast,2022,44,2022-10-31,UA-63,145,4
Kharkiv Oblast,2022,45,2022-11-07,UA-63,154,17
Kharkiv Oblast,2022,46,2022-11-14,UA-63,144,25
Kharkiv Oblast,2022,47,2022-11-21,UA-63,140,15
Kharkiv Oblast,2022,48,2022-11-28,UA-63,178,16
Kharkiv Oblast,2022,49,2022-12-05,UA-63,168,35
Kharkiv Oblast,2022,50,2022-12-12,UA-63,132,28
Kharkiv Oblast,2022,51,2022-12-19,UA-63,145,66
Kharkiv Oblast,2022,52,2022-12-26,UA-63,160,67
Kharkiv Oblast,2023,1,2023-01-02,UA-63,135,71
Kharkiv Oblast,2023,2,2023-01-09,UA-63,143,48
Kharkiv Oblast,2023,3,2023-01-16,UA-63,180,82
Kharkiv Oblast,2023,4,2023-01-23,UA-63,174,62
Kharkiv Oblast,2023,5,2023-01-30,UA-63,157,54
Kharkiv Oblast,2023,6,2023-02-06,UA-63,162,43
Kharkiv Oblast,2023,7,2023-02-13,UA-63,146,43
Kharkiv Oblast,2023,8,2023-02-20,UA-63,180,36
Kharkiv Oblast,2023,9,2023-02-27,UA-63,141,54
Kharkiv Oblast,2023,10,2023-03-06,UA-63,122,47
Kharkiv Oblast,2023,11,2023-03-13,UA-63,151,62
Kharkiv Oblast,2023,12,2023-03-20,UA-63,155,55
Kharkiv Oblast,2023,13,2023-03-27,UA-63,142,52
Kharkiv Oblast,2023,14,2023-04-03,UA-63,174,52
Kharkiv Oblast,2023,15,2023-04-10,UA-63,154,54
Kharkiv Oblast,2023,16,2023-04-17,UA-63,123,46
Kharkiv Oblast,2023,17,2023-04-24,UA-63,165,63
Kharkiv Oblast,2023,18,2023-05-01,UA-63,177,49
Kharkiv Oblast,2023,19,2023-05-08,UA-63,192,55
Kharkiv Oblast,2023,20,2023-05-15,UA-63,203,54
Kharkiv Oblast,2023,21,2023-05-22,UA-63,217,51
Kharkiv Oblast,2023,22,2023-05-29,UA-63,235,112
Kharkiv Oblast,2023,23,2023-06-05,UA-63,201,55
Kharkiv Oblast,2023,24,2023-06-12,UA-63,168,60
Kharkiv Oblast,2023,25,2023-06-19,UA-63,201,58
Kharkiv Oblast,2023,26,2023-06-26,UA-63,122,53
Kharkiv Oblast,2023,27,2023-07-03,UA-63,129,55
Kharkiv Oblast,2023,28,2023-07-10,UA-63,127,81
Kharkiv Oblast,2023,29,2023-07-17,UA-63,153,59
Kharkiv Oblast,2023,30,2023-07-24,UA-63,147,45
Kharkiv Oblast,2023,31,2023-07-31,UA-63,184,61
Kharkiv Oblast,2023,32,2023-08-07,UA-63,145,53
Kharkiv Oblast,2023,33,2023-08-14,UA-63,155,108
Kharkiv Oblast,2023,34,2023-08-21,UA-63,123,33
Kharkiv Oblast,2023,35,2023-08-28,UA-63,150,33
Kharkiv Oblast,2023,36,2023-09-04,UA-63,139,29
Kharkiv Oblast,2023,37,2023-09-11,UA-63,105,50
Kharkiv Oblast,2023,38,2023-09-18,UA-63,117,53
Kharkiv Oblast,2023,39,2023-09-25,UA-63,112,43
Kharkiv Oblast,2023,40,2023-10-02,UA-63,108,114
Kharkiv Oblast,2023,41,2023-10-09,UA-63,127,55
Kharkiv Oblast,2023,42,2023-10-16,UA-63,117,49
Kharkiv Oblast,2023,43,2023-10-23,UA-63,79,53
Kharkiv Oblast,2023,44,2023-10-30,UA-63,118,74
Kharkiv Oblast,2023,45,2023-11-06,UA-63,96,57
Kharkiv Oblast,2023,46,2023-11-13,UA-63,100,61
Kharkiv Oblast,2023,47,2023-11-20,UA-63,99,58
Kharkiv Oblast,2023,48,2023-11-27,UA-63,95,70
Kharkiv Oblast,2023,49,2023-12-04,UA-63,102,59
Kharkiv Oblast,2023,50,2023-12-11,UA-63,83,62
Kharkiv Oblast,2023,51,2023-12-18,UA-63,80,45
Kharkiv Oblast,2023,52,2023-12-25,UA-63,90,88
Kharkiv Oblast,2024,1,2024-01-01,UA-63,111,57
Kharkiv Oblast,2024,2,2024-01-08,UA-63,97,49
Kharkiv Oblast,2024,3,2024-01-15,UA-63,115,36
Kharkiv Oblast,2024,4,2024-01-22,UA-63,102,48
Kharkiv Oblast,2024,5,2024-01-29,UA-63,113,37
Kharkiv Oblast,2024,6,2024-02-05,UA-63,114,60
Kharkiv Oblast,2024,7,2024-02-12,UA-63,108,65
Kharkiv Oblast,2024,8,2024-02-19,UA-63,103,57
Kharkiv Oblast,2024,9,2024-02-26,UA-63,114,42
Kharkiv Oblast,2024,10,2024-03-04,UA-63,105,32
Kharkiv Oblast,2024,11,2024-03-11,UA-63,109,56
Kharkiv Oblast,2024,12,2024-03-18,UA-63,95,60
Kharkiv Oblast,2024,13,2024-03-25,UA-63,102,35
Kharkiv Oblast,2024,14,2024-04-01,UA-63,87,42
Kharkiv Oblast,2024,15,2024-04-08,UA-63,93,45
Kharkiv Oblast,2024,16,2024-04-15,UA-63,64,28
Kharkiv Oblast,2024,17,2024-04-22,UA-63,104,25
Kharkiv Oblast,2024,18,2024-04-29,UA-63,113,38
Kharkiv Oblast,2024,19,2024-05-06,UA-63,132,55
Kharkiv Oblast,2024,20,2024-05-13,UA-63,160,908
Kharkiv Oblast,2024,21,2024-05-20,UA-63,141,695
Kharkiv Oblast,2024,22,2024-05-27,UA-63,139,316
Kharkiv Oblast,2024,23,2024-06-03,UA-63,130,463
Kharkiv Oblast,2024,24,2024-06-10,UA-63,133,396
Kharkiv Oblast,2024,25,2024-06-17,UA-63,103,387
Kharkiv Oblast,2024,26,2024-06-24,UA-63,115,503
Kharkiv Oblast,2024,27,2024-07-01,UA-63,117,284
Kharkiv Oblast,2024,28,2024-07-08,UA-63,116,153
Kharkiv Oblast,2024,29,2024-07-15,UA-63,126,253
Kharkiv Oblast,2024,30,2024-07-22,UA-63,154,265
Kharkiv Oblast,2024,31,2024-07-29,UA-63,112,166
Kharkiv Oblast,2024,32,2024-08-05,UA-63,110,150
Kharkiv Oblast,2024,33,2024-08-12,UA-63,123,264
Kharkiv Oblast,2024,34,2024-08-19,UA-63,136,157
Kharkiv Oblast,2024,35,2024-08-26,UA-63,137,127
Kharkiv Oblast,2024,36,2024-09-02,UA-63,139,93
Kharkiv Oblast,2024,37,2024-09-09,UA-63,148,108
Kharkiv Oblast,2024,38,2024-09-16,UA-63,168,212
Kharkiv Oblast,2024,39,2024-09-23,UA-63,154,150
Kharkiv Oblast,2024,40,2024-09-30,UA-63,181,321
Kharkiv Oblast,2024,41,2024-10-07,UA-63,168,208
Kharkiv Oblast,2024,42,2024-10-14,UA-63,156,106
Kharkiv Oblast,2024,43,2024-10-21,UA-63,160,111
Kharkiv Oblast,2024,44,2024-10-28,UA-63,184,225
Kharkiv Oblast,2024,45,2024-11-04,UA-63,157,96
Kharkiv Oblast,2024,46,2024-11-11,UA-63,140,170
Kharkiv Oblast,2024,47,2024-11-18,UA-63,139,122
Kharkiv Oblast,2024,48,2024-11-25,UA-63,163,163
Kharkiv Oblast,2024,49,2024-12-02,UA-63,150,199
Kharkiv Oblast,2024,50,2024-12-09,UA-63,146,231
Kharkiv Oblast,2024,51,2024-12-16,UA-63,135,132
Kharkiv Oblast,2024,52,2024-12-23,UA-63,147,160
Kharkiv Oblast,2025,1,2024-12-30,UA-63,158,175
Kharkiv Oblast,2025,2,2025-01-06,UA-63,138,115
Kharkiv Oblast,2025,3,2025-01-13,UA-63,146,104
Kharkiv Oblast,2025,4,2025-01-20,UA-63,147,103
Kharkiv Oblast,2025,5,2025-01-27,UA-63,134,122
Kharkiv Oblast,2025,6,2025-02-03,UA-63,161,122
Kharkiv Oblast,2025,7,2025-02-10,UA-63,159,154
Kharkiv Oblast,2025,8,2025-02-17,UA-63,144,121
Kharkiv Oblast,2025,9,2025-02-24,UA-63,153,119
Kharkiv Oblast,2025,10,2025-03-03,UA-63,141,139
Kharkiv Oblast,2025,11,2025-03-10,UA-63,148,88
Kharkiv Oblast,2025,12,2025-03-17,UA-63,135,56
Kharkiv Oblast,2025,13,2025-03-24,UA-63,155,66
Kharkiv Oblast,2025,14,2025-03-31,UA-63,137,51
Kharkiv Oblast,2025,15,2025-04-07,UA-63,146,43
Kharkiv Oblast,2025,16,2025-04-14,UA-63,121,61
Kharkiv Oblast,2025,17,2025-04-21,UA-63,136,71
Kharkiv Oblast,2025,18,2025-04-28,UA-63,157,68
Kharkiv Oblast,2025,19,2025-05-05,UA-63,123,42
Kharkiv Oblast,2025,20,2025-05-12,UA-63,158,74
Kharkiv Oblast,2025,21,2025-05-19,UA-63,154,61
Kharkiv Oblast,2025,22,2025-05-26,UA-63,155,70
Kharkiv Oblast,2025,23,2025-06-02,UA-63,152,68
Kharkiv Oblast,2025,24,2025-06-09,UA-63,140,51
Kharkiv Oblast,2025,25,2025-06-16,UA-63,155,97
Kharkiv Oblast,2025,26,2025-06-23,UA-63,184,94
Kharkiv Oblast,2025,27,2025-06-30,UA-63,200,102
Kharkiv Oblast,2025,28,2025-07-07,UA-63,60,31
Kherson Oblast,2022,8,2022-02-21,UA-65,33,47
Kherson Oblast,2022,9,2022-02-28,UA-65,26,44
Kherson Oblast,2022,10,2022-03-07,UA-65,42,19
Kherson Oblast,2022,11,2022-03-14,UA-65,41,23
Kherson Oblast,2022,12,2022-03-21,UA-65,30,25
Kherson Oblast,2022,13,2022-03-28,UA-65,41,2
Kherson Oblast,2022,14,2022-04-04,UA-65,53,231
Kherson Oblast,2022,15,2022-04-11,UA-65,34,245
Kherson Oblast,2022,16,2022-04-18,UA-65,47,291
Kherson Oblast,2022,17,2022-04-25,UA-65,62,340
Kherson Oblast,2022,18,2022-05-02,UA-65,34,453
Kherson Oblast,2022,19,2022-05-09,UA-65,34,261
Kherson Oblast,2022,20,2022-05-16,UA-65,54,349
Kherson Oblast,2022,21,2022-05-23,UA-65,62,275
Kherson Oblast,2022,22,2022-05-30,UA-65,58,421
Kherson Oblast,2022,23,2022-06-06,UA-65,50,135
Kherson Oblast,2022,24,2022-06-13,UA-65,70,329
Kherson Oblast,2022,25,2022-06-20,UA-65,54,275
Kherson Oblast,2022,26,2022-06-27,UA-65,65,80
Kherson Oblast,2022,27,2022-07-04,UA-65,72,51
Kherson Oblast,2022,28,2022-07-11,UA-65,80,170
Kherson Oblast,2022,29,2022-07-18,UA-65,85,75
Kherson Oblast,2022,30,2022-07-25,UA-65,115,284
Kherson Oblast,2022,31,2022-08-01,UA-65,141,101
Kherson Oblast,2022,32,2022-08-08,UA-65,118,102
Kherson Oblast,2022,33,2022-08-15,UA-65,109,155
Kherson Oblast,2022,34,2022-08-22,UA-65,142,114
Kherson Oblast,2022,35,2022-08-29,UA-65,215,350
Kherson Oblast,2022,36,2022-09-05,UA-65,174,472
Kherson Oblast,2022,37,2022-09-12,UA-65,192,235
Kherson Oblast,2022,38,2022-09-19,UA-65,173,194
Kherson Oblast,2022,39,2022-09-26,UA-65,123,339
Kherson Oblast,2022,40,2022-10-03,UA-65,203,856
Kherson Oblast,2022,41,2022-10-10,UA-65,178,767
Kherson Oblast,2022,42,2022-10-17,UA-65,137,695
Kherson Oblast,2022,43,2022-10-24,UA-65,142,498
Kherson Oblast,2022,44,2022-10-31,UA-65,156,370
Kherson Oblast,2022,45,2022-11-07,UA-65,177,631
Kherson Oblast,2022,46,2022-11-14,UA-65,129,189
Kherson Oblast,2022,47,2022-11-21,UA-65,137,132
Kherson Oblast,2022,48,2022-11-28,UA-65,100,117
Kherson Oblast,2022,49,2022-12-05,UA-65,93,74
Kherson Oblast,2022,50,2022-12-12,UA-65,96,101
Kherson Oblast,2022,51,2022-12-19,UA-65,90,384
Kherson Oblast,2022,52,2022-12-26,UA-65,106,562
Kherson Oblast,2023,1,2023-01-02,UA-65,96,14
Kherson Oblast,2023,2,2023-01-09,UA-65,69,18
Kherson Oblast,2023,3,2023-01-16,UA-65,131,7
Kherson Oblast,2023,4,2023-01-23,UA-65,123,19
Kherson Oblast,2023,5,2023-01-30,UA-65,134,57
Kherson Oblast,2023,6,2023-02-06,UA-65,147,171
Kherson Oblast,2023,7,2023-02-13,UA-65,112,118
Kherson Oblast,2023,8,2023-02-20,UA-65,130,152
Kherson Oblast,2023,9,2023-02-27,UA-65,137,192
Kherson Oblast,2023,10,2023-03-06,UA-65,153,221
Kherson Oblast,2023,11,2023-03-13,UA-65,165,139
Kherson Oblast,2023,12,2023-03-20,UA-65,131,195
Kherson Oblast,2023,13,2023-03-27,UA-65,109,85
Kherson Oblast,2023,14,2023-04-03,UA-65,105,44
Kherson Oblast,2023,15,2023-04-10,UA-65,92,77
Kherson Oblast,2023,16,2023-04-17,UA-65,102,48
Kherson Oblast,2023,17,2023-04-24,UA-65,110,59
Kherson Oblast,2023,18,2023-05-01,UA-65,135,151
Kherson Oblast,2023,19,2023-05-08,UA-65,120,179
Kherson Oblast,2023,20,2023-05-15,UA-65,90,147
Kherson Oblast,2023,21,2023-05-22,UA-65,109,94
Kherson Oblast,2023,22,2023-05-29,UA-65,96,89
Kherson Oblast,2023,23,2023-06-05,UA-65,80,223
Kherson Oblast,2023,24,2023-06-12,UA-65,150,167
Kherson Oblast,2023,25,2023-06-19,UA-65,138,133
Kherson Oblast,2023,26,2023-06-26,UA-65,110,165
Kherson Oblast,2023,27,2023-07-03,UA-65,90,222
Kherson Oblast,2023,28,2023-07-10,UA-65,100,191
Kherson Oblast,2023,29,2023-07-17,UA-65,82,266
Kherson Oblast,2023,30,2023-07-24,UA-65,84,140
Kherson Oblast,2023,31,2023-07-31,UA-65,100,331
Kherson Oblast,2023,32,2023-08-07,UA-65,109,513
Kherson Oblast,2023,33,2023-08-14,UA-65,104,435
Kherson Oblast,2023,34,2023-08-21,UA-65,109,321
Kherson Oblast,2023,35,2023-08-28,UA-65,101,526
Kherson Oblast,2023,36,2023-09-04,UA-65,83,375
Kherson Oblast,2023,37,2023-09-11,UA-65,89,354
Kherson Oblast,2023,38,2023-09-18,UA-65,127,272
Kherson Oblast,2023,39,2023-09-25,UA-65,104,125
Kherson Oblast,2023,40,2023-10-02,UA-65,112,225
Kherson Oblast,2023,41,2023-10-09,UA-65,94,238
Kherson Oblast,2023,42,2023-10-16,UA-65,145,301
Kherson Oblast,2023,43,2023-10-23,UA-65,146,307
Kherson Oblast,2023,44,2023-10-30,UA-65,172,239
Kherson Oblast,2023,45,2023-11-06,UA-65,135,336
Kherson Oblast,2023,46,2023-11-13,UA-65,148,308
Kherson Oblast,2023,47,2023-11-20,UA-65,204,432
Kherson Oblast,2023,48,2023-11-27,UA-65,150,319
Kherson Oblast,2023,49,2023-12-04,UA-65,122,435
Kherson Oblast,2023,50,2023-12-11,UA-65,130,446
Kherson Oblast,2023,51,2023-12-18,UA-65,118,399
Kherson Oblast,2023,52,2023-12-25,UA-65,146,294
Kherson Oblast,2024,1,2024-01-01,UA-65,147,445
Kherson Oblast,2024,2,2024-01-08,UA-65,141,386
Kherson Oblast,2024,3,2024-01-15,UA-65,148,358
Kherson Oblast,2024,4,2024-01-22,UA-65,173,367
Kherson Oblast,2024,5,2024-01-29,UA-65,157,655
Kherson Oblast,2024,6,2024-02-05,UA-65,129,565
Kherson Oblast,2024,7,2024-02-12,UA-65,90,617
Kherson Oblast,2024,8,2024-02-19,UA-65,126,763
Kherson Oblast,2024,9,2024-02-26,UA-65,171,495
Kherson Oblast,2024,10,2024-03-04,UA-65,150,547
Kherson Oblast,2024,11,2024-03-11,UA-65,136,568
Kherson Oblast,2024,12,2024-03-18,UA-65,171,1202
Kherson Oblast,2024,13,2024-03-25,UA-65,128,413
Kherson Oblast,2024,14,2024-04-01,UA-65,98,349
Kherson Oblast,2024,15,2024-04-08,UA-65,129,173
Kherson Oblast,2024,16,2024-04-15,UA-65,115,244
Kherson Oblast,2024,17,2024-04-22,UA-65,125,703
Kherson Oblast,2024,18,2024-04-29,UA-65,109,795
Kherson Oblast,2024,19,2024-05-06,UA-65,92,695
Kherson Oblast,2024,20,2024-05-13,UA-65,92,578
Kherson Oblast,2024,21,2024-05-20,UA-65,71,340
Kherson Oblast,2024,22,2024-05-27,UA-65,82,557
Kherson Oblast,2024,23,2024-06-03,UA-65,86,653
Kherson Oblast,2024,24,2024-06-10,UA-65,71,168
Kherson Oblast,2024,25,2024-06-17,UA-65,104,580
Kherson Oblast,2024,26,2024-06-24,UA-65,124,470
Kherson Oblast,2024,27,2024-07-01,UA-65,98,427
Kherson Oblast,2024,28,2024-07-08,UA-65,95,340
Kherson Oblast,2024,29,2024-07-15,UA-65,71,189
Kherson Oblast,2024,30,2024-07-22,UA-65,90,214
Kherson Oblast,2024,31,2024-07-29,UA-65,90,131
Kherson Oblast,2024,32,2024-08-05,UA-65,76,108
Kherson Oblast,2024,33,2024-08-12,UA-65,117,102
Kherson Oblast,2024,34,2024-08-19,UA-65,106,108
Kherson Oblast,2024,35,2024-08-26,UA-65,134,108
Kherson Oblast,2024,36,2024-09-02,UA-65,114,132
Kherson Oblast,2024,37,2024-09-09,UA-65,116,98
Kherson Oblast,2024,38,2024-09-16,UA-65,97,116
Kherson Oblast,2024,39,2024-09-23,UA-65,165,225
Kherson Oblast,2024,40,2024-09-30,UA-65,104,226
Kherson Oblast,2024,41,2024-10-07,UA-65,108,504
Kherson Oblast,2024,42,2024-10-14,UA-65,144,328
Kherson Oblast,2024,43,2024-10-21,UA-65,130,430
Kherson Oblast,2024,44,2024-10-28,UA-65,117,648
Kherson Oblast,2024,45,2024-11-04,UA-65,111,820
Kherson Oblast,2024,46,2024-11-11,UA-65,92,815
Kherson Oblast,2024,47,2024-11-18,UA-65,143,986
Kherson Oblast,2024,48,2024-11-25,UA-65,113,879
Kherson Oblast,2024,49,2024-12-02,UA-65,97,754
Kherson Oblast,2024,50,2024-12-09,UA-65,166,646
Kherson Oblast,2024,51,2024-12-16,UA-65,160,663
Kherson Oblast,2024,52,2024-12-23,UA-65,191,561
Kherson Oblast,2025,1,2024-12-30,UA-65,202,467
Kherson Oblast,2025,2,2025-01-06,UA-65,232,493
Kherson Oblast,2025,3,2025-01-13,UA-65,213,501
Kherson Oblast,2025,4,2025-01-20,UA-65,190,484
Kherson Oblast,2025,5,2025-01-27,UA-65,227,617
Kherson Oblast,2025,6,2025-02-03,UA-65,190,556
Kherson Oblast,2025,7,2025-02-10,UA-65,214,528
Kherson Oblast,2025,8,2025-02-17,UA-65,201,705
Kherson Oblast,2025,9,2025-02-24,UA-65,201,733
Kherson Oblast,2025,10,2025-03-03,UA-65,177,670
Kherson Oblast,2025,11,2025-03-10,UA-65,216,718
Kherson Oblast,2025,12,2025-03-17,UA-65,227,647
Kherson Oblast,2025,13,2025-03-24,UA-65,166,694
Kherson Oblast,2025,14,2025-03-31,UA-65,225,566
Kherson Oblast,2025,15,2025-04-07,UA-65,252,581
Kherson Oblast,2025,16,2025-04-14,UA-65,296,606
Kherson Oblast,2025,17,2025-04-21,UA-65,280,609
Kherson Oblast,2025,18,2025-04-28,UA-65,272,617
Kherson Oblast,2025,19,2025-05-05,UA-65,237,905
Kherson Oblast,2025,20,2025-05-12,UA-65,256,722
Kherson Oblast,2025,21,2025-05-19,UA-65,292,611
Kherson Oblast,2025,22,2025-05-26,UA-65,276,537
Kherson Oblast,2025,23,2025-06-02,UA-65,280,632
Kherson Oblast,2025,24,2025-06-09,UA-65,268,723
Kherson Oblast,2025,25,2025-06-16,UA-65,263,558
Kherson Oblast,2025,26,2025-06-23,UA-65,277,408
Kherson Oblast,2025,27,2025-06-30,UA-65,303,399
Kherson Oblast,2025,28,2025-07-07,UA-65,88,169
Khmelnytskyi Oblast,2022,9,2022-02-28,UA-68,2,2
Khmelnytskyi Oblast,2022,10,2022-03-07,UA-68,1,0
Khmelnytskyi Oblast,2022,12,2022-03-21,UA-68,1,0
Khmelnytskyi Oblast,2022,13,2022-03-28,UA-68,3,0
Khmelnytskyi Oblast,2022,15,2022-04-11,UA-68,2,0
Khmelnytskyi Oblast,2022,17,2022-04-25,UA-68,3,0
Khmelnytskyi Oblast,2022,21,2022-05-23,UA-68,1,0
Khmelnytskyi Oblast,2022,24,2022-06-13,UA-68,1,0
Khmelnytskyi Oblast,2022,25,2022-06-20,UA-68,1,0
Khmelnytskyi Oblast,2022,27,2022-07-04,UA-68,1,0
Khmelnytskyi Oblast,2022,29,2022-07-18,UA-68,2,0
Khmelnytskyi Oblast,2022,33,2022-08-15,UA-68,1,0
Khmelnytskyi Oblast,2022,34,2022-08-22,UA-68,2,0
Khmelnytskyi Oblast,2022,35,2022-08-29,UA-68,1,0
Khmelnytskyi Oblast,2022,36,2022-09-05,UA-68,1,0
Khmelnytskyi Oblast,2022,37,2022-09-12,UA-68,1,0
Khmelnytskyi Oblast,2022,38,2022-09-19,UA-68,1,0
Khmelnytskyi Oblast,2022,39,2022-09-26,UA-68,1,0
Khmelnytskyi Oblast,2022,40,2022-10-03,UA-68,3,0
Khmelnytskyi Oblast,2022,41,2022-10-10,UA-68,4,0
Khmelnytskyi Oblast,2022,42,2022-10-17,UA-68,3,0
Khmelnytskyi Oblast,2022,43,2022-10-24,UA-68,1,0
Khmelnytskyi Oblast,2022,44,2022-10-31,UA-68,2,0
Khmelnytskyi Oblast,2022,45,2022-11-07,UA-68,1,0
Khmelnytskyi Oblast,2022,46,2022-11-14,UA-68,2,0
Khmelnytskyi Oblast,2022,47,2022-11-21,UA-68,2,0
Khmelnytskyi Oblast,2022,48,2022-11-28,UA-68,1,0
Khmelnytskyi Oblast,2022,49,2022-12-05,UA-68,1,0
Khmelnytskyi Oblast,2022,50,2022-12-12,UA-68,1,0
Khmelnytskyi Oblast,2022,51,2022-12-19,UA-68,1,0
Khmelnytskyi Oblast,2022,52,2022-12-26,UA-68,3,1
Khmelnytskyi Oblast,2023,1,2023-01-02,UA-68,1,0
Khmelnytskyi Oblast,2023,2,2023-01-09,UA-68,1,0
Khmelnytskyi Oblast,2023,3,2023-01-16,UA-68,1,0
Khmelnytskyi Oblast,2023,4,2023-01-23,UA-68,1,0
Khmelnytskyi Oblast,2023,5,2023-01-30,UA-68,1,0
Khmelnytskyi Oblast,2023,6,2023-02-06,UA-68,3,0
Khmelnytskyi Oblast,2023,7,2023-02-13,UA-68,2,0
Khmelnytskyi Oblast,2023,8,2023-02-20,UA-68,1,0
Khmelnytskyi Oblast,2023,9,2023-02-27,UA-68,2,2
Khmelnytskyi Oblast,2023,10,2023-03-06,UA-68,1,0
Khmelnytskyi Oblast,2023,11,2023-03-13,UA-68,1,0
Khmelnytskyi Oblast,2023,12,2023-03-20,UA-68,2,0
Khmelnytskyi Oblast,2023,13,2023-03-27,UA-68,1,0
Khmelnytskyi Oblast,2023,14,2023-04-03,UA-68,1,0
Khmelnytskyi Oblast,2023,15,2023-04-10,UA-68,1,0
Khmelnytskyi Oblast,2023,16,2023-04-17,UA-68,1,0
Khmelnytskyi Oblast,2023,17,2023-04-24,UA-68,1,0
Khmelnytskyi Oblast,2023,18,2023-05-01,UA-68,2,0
Khmelnytskyi Oblast,2023,19,2023-05-08,UA-68,2,0
Khmelnytskyi Oblast,2023,20,2023-05-15,UA-68,2,0
Khmelnytskyi Oblast,2023,21,2023-05-22,UA-68,2,0
Khmelnytskyi Oblast,2023,22,2023-05-29,UA-68,2,0
Khmelnytskyi Oblast,2023,23,2023-06-05,UA-68,1,0
Khmelnytskyi Oblast,2023,24,2023-06-12,UA-68,1,0
Khmelnytskyi Oblast,2023,25,2023-06-19,UA-68,4,0
Khmelnytskyi Oblast,2023,26,2023-06-26,UA-68,1,0
Khmelnytskyi Oblast,2023,27,2023-07-03,UA-68,2,0
Khmelnytskyi Oblast,2023,28,2023-07-10,UA-68,2,0
Khmelnytskyi Oblast,2023,29,2023-07-17,UA-68,1,0
Khmelnytskyi Oblast,2023,30,2023-07-24,UA-68,3,0
Khmelnytskyi Oblast,2023,31,2023-07-31,UA-68,2,0
Khmelnytskyi Oblast,2023,32,2023-08-07,UA-68,1,0
Khmelnytskyi Oblast,2023,33,2023-08-14,UA-68,5,0
Khmelnytskyi Oblast,2023,34,2023-08-21,UA-68,1,0
Khmelnytskyi Oblast,2023,35,2023-08-28,UA-68,1,0
Khmelnytskyi Oblast,2023,36,2023-09-04,UA-68,1,0
Khmelnytskyi Oblast,2023,37,2023-09-11,UA-68,3,0
Khmelnytskyi Oblast,2023,38,2023-09-18,UA-68,3,0
Khmelnytskyi Oblast,2023,41,2023-10-09,UA-68,2,0
Khmelnytskyi Oblast,2023,42,2023-10-16,UA-68,3,0
Khmelnytskyi Oblast,2023,43,2023-10-23,UA-68,5,0
Khmelnytskyi Oblast,2023,44,2023-10-30,UA-68,3,0
Khmelnytskyi Oblast,2023,45,2023-11-06,UA-68,2,0
Khmelnytskyi Oblast,2023,46,2023-11-13,UA-68,2,0
Khmelnytskyi Oblast,2023,47,2023-11-20,UA-68,3,0
Khmelnytskyi Oblast,2023,48,2023-11-27,UA-68,6,0
Khmelnytskyi Oblast,2023,49,2023-12-04,UA-68,4,0
Khmelnytskyi Oblast,2023,50,2023-12-11,UA-68,7,0
Khmelnytskyi Oblast,2023,51,2023-12-18,UA-68,6,0
Khmelnytskyi Oblast,2023,52,2023-12-25,UA-68,5,0
Khmelnytskyi Oblast,2024,1,2024-01-01,UA-68,2,0
Khmelnytskyi Oblast,2024,2,2024-01-08,UA-68,6,3
Khmelnytskyi Oblast,2024,3,2024-01-15,UA-68,2,0
Khmelnytskyi Oblast,2024,5,2024-01-29,UA-68,2,0
Khmelnytskyi Oblast,2024,7,2024-02-12,UA-68,3,0
Khmelnytskyi Oblast,2024,8,2024-02-19,UA-68,3,0
Khmelnytskyi Oblast,2024,9,2024-02-26,UA-68,2,0
Khmelnytskyi Oblast,2024,10,2024-03-04,UA-68,3,0
Khmelnytskyi Oblast,2024,11,2024-03-11,UA-68,4,0
Khmelnytskyi Oblast,2024,12,2024-03-18,UA-68,5,2
Khmelnytskyi Oblast,2024,13,2024-03-25,UA-68,3,0
Khmelnytskyi Oblast,2024,14,2024-04-01,UA-68,4,0
Khmelnytskyi Oblast,2024,15,2024-04-08,UA-68,1,0
Khmelnytskyi Oblast,2024,16,2024-04-15,UA-68,1,0
Khmelnytskyi Oblast,2024,17,2024-04-22,UA-68,2,0
Khmelnytskyi Oblast,2024,18,2024-04-29,UA-68,1,0
Khmelnytskyi Oblast,2024,19,2024-05-06,UA-68,1,0
Khmelnytskyi Oblast,2024,20,2024-05-13,UA-68,3,0
Khmelnytskyi Oblast,2024,21,2024-05-20,UA-68,1,0
Khmelnytskyi Oblast,2024,22,2024-05-27,UA-68,3,0
Khmelnytskyi Oblast,2024,23,2024-06-03,UA-68,4,0
Khmelnytskyi Oblast,2024,24,2024-06-10,UA-68,4,0
Khmelnytskyi Oblast,2024,25,2024-06-17,UA-68,1,0
Khmelnytskyi Oblast,2024,26,2024-06-24,UA-68,1,0
Khmelnytskyi Oblast,2024,28,2024-07-08,UA-68,3,0
Khmelnytskyi Oblast,2024,29,2024-07-15,UA-68,2,0
Khmelnytskyi Oblast,2024,32,2024-08-05,UA-68,2,0
Khmelnytskyi Oblast,2024,33,2024-08-12,UA-68,1,0
Khmelnytskyi Oblast,2024,34,2024-08-19,UA-68,2,0
Khmelnytskyi Oblast,2024,35,2024-08-26,UA-68,3,0
Khmelnytskyi Oblast,2024,36,2024-09-02,UA-68,4,0
Khmelnytskyi Oblast,2024,37,2024-09-09,UA-68,4,0
Khmelnytskyi Oblast,2024,38,2024-09-16,UA-68,2,0
Khmelnytskyi Oblast,2024,39,2024-09-23,UA-68,3,0
Khmelnytskyi Oblast,2024,40,2024-09-30,UA-68,2,0
Khmelnytskyi Oblast,2024,41,2024-10-07,UA-68,2,0
Khmelnytskyi Oblast,2024,42,2024-10-14,UA-68,2,0
Khmelnytskyi Oblast,2024,43,2024-10-21,UA-68,5,0
Khmelnytskyi Oblast,2024,44,2024-10-28,UA-68,5,0
Khmelnytskyi Oblast,2024,45,2024-11-04,UA-68,3,0
Khmelnytskyi Oblast,2024,46,2024-11-11,UA-68,1,0
Khmelnytskyi Oblast,2024,48,2024-11-25,UA-68,3,0
Khmelnytskyi Oblast,2024,49,2024-12-02,UA-68,4,0
Khmelnytskyi Oblast,2024,50,2024-12-09,UA-68,4,0
Khmelnytskyi Oblast,2024,51,2024-12-16,UA-68,2,0
Khmelnytskyi Oblast,2024,52,2024-12-23,UA-68,2,0
Khmelnytskyi Oblast,2025,1,2024-12-30,UA-68,2,0
Khmelnytskyi Oblast,2025,2,2025-01-06,UA-68,2,0
Khmelnytskyi Oblast,2025,3,2025-01-13,UA-68,3,0
Khmelnytskyi Oblast,2025,4,2025-01-20,UA-68,6,0
Khmelnytskyi Oblast,2025,5,2025-01-27,UA-68,3,0
Khmelnytskyi Oblast,2025,6,2025-02-03,UA-68,4,1
Khmelnytskyi Oblast,2025,7,2025-02-10,UA-68,4,0
Khmelnytskyi Oblast,2025,8,2025-02-17,UA-68,2,0
Khmelnytskyi Oblast,2025,9,2025-02-24,UA-68,4,0
Khmelnytskyi Oblast,2025,10,2025-03-03,UA-68,1,0
Khmelnytskyi Oblast,2025,11,2025-03-10,UA-68,2,0
Khmelnytskyi Oblast,2025,12,2025-03-17,UA-68,3,0
Khmelnytskyi Oblast,2025,13,2025-03-24,UA-68,2,0
Khmelnytskyi Oblast,2025,14,2025-03-31,UA-68,2,0
Khmelnytskyi Oblast,2025,15,2025-04-07,UA-68,2,0
Khmelnytskyi Oblast,2025,17,2025-04-21,UA-68,3,0
Khmelnytskyi Oblast,2025,18,2025-04-28,UA-68,1,0
Khmelnytskyi Oblast,2025,19,2025-05-05,UA-68,1,0
Khmelnytskyi Oblast,2025,20,2025-05-12,UA-68,1,0
Khmelnytskyi Oblast,2025,21,2025-05-19,UA-68,3,5
Khmelnytskyi Oblast,2025,22,2025-05-26,UA-68,2,0
Khmelnytskyi Oblast,2025,23,2025-06-02,UA-68,1,0
Khmelnytskyi Oblast,2025,24,2025-06-09,UA-68,1,0
Khmelnytskyi Oblast,2025,25,2025-06-16,UA-68,1,0
Khmelnytskyi Oblast,2025,26,2025-06-23,UA-68,3,0
Khmelnytskyi Oblast,2025,27,2025-06-30,UA-68,1,0
Kirovohrad Oblast,2022,9,2022-02-28,UA-35,1,0
Kirovohrad Oblast,2022,10,2022-03-07,UA-35,1,7
Kirovohrad Oblast,2022,11,2022-03-14,UA-35,1,0
Kirovohrad Oblast,2022,14,2022-04-04,UA-35,2,0
Kirovohrad Oblast,2022,15,2022-04-11,UA-35,3,3
Kirovohrad Oblast,2022,16,2022-04-18,UA-35,1,0
Kirovohrad Oblast,2022,17,2022-04-25,UA-35,1,0
Kirovohrad Oblast,2022,18,2022-05-02,UA-35,2,0
Kirovohrad Oblast,2022,19,2022-05-09,UA-35,1,0
Kirovohrad Oblast,2022,23,2022-06-06,UA-35,1,0
Kirovohrad Oblast,2022,27,2022-07-04,UA-35,1,0
Kirovohrad Oblast,2022,29,2022-07-18,UA-35,2,3
Kirovohrad Oblast,2022,30,2022-07-25,UA-35,3,5
Kirovohrad Oblast,2022,31,2022-08-01,UA-35,1,0
Kirovohrad Oblast,2022,32,2022-08-08,UA-35,1,0
Kirovohrad Oblast,2022,37,2022-09-12,UA-35,1,0
Kirovohrad Oblast,2022,42,2022-10-17,UA-35,4,0
Kirovohrad Oblast,2022,44,2022-10-31,UA-35,1,0
Kirovohrad Oblast,2022,46,2022-11-14,UA-35,1,0
Kirovohrad Oblast,2022,47,2022-11-21,UA-35,1,0
Kirovohrad Oblast,2022,49,2022-12-05,UA-35,1,0
Kirovohrad Oblast,2023,6,2023-02-06,UA-35,1,0
Kirovohrad Oblast,2023,7,2023-02-13,UA-35,1,0
Kirovohrad Oblast,2023,10,2023-03-06,UA-35,1,0
Kirovohrad Oblast,2023,18,2023-05-01,UA-35,1,0
Kirovohrad Oblast,2023,20,2023-05-15,UA-35,2,0
Kirovohrad Oblast,2023,22,2023-05-29,UA-35,1,0
Kirovohrad Oblast,2023,24,2023-06-12,UA-35,1,0
Kirovohrad Oblast,2023,25,2023-06-19,UA-35,2,0
Kirovohrad Oblast,2023,27,2023-07-03,UA-35,3,0
Kirovohrad Oblast,2023,28,2023-07-10,UA-35,1,0
Kirovohrad Oblast,2023,29,2023-07-17,UA-35,3,0
Kirovohrad Oblast,2023,31,2023-07-31,UA-35,1,0
Kirovohrad Oblast,2023,35,2023-08-28,UA-35,2,0
Kirovohrad Oblast,2023,38,2023-09-18,UA-35,2,0
Kirovohrad Oblast,2023,39,2023-09-25,UA-35,2,0
Kirovohrad Oblast,2023,40,2023-10-02,UA-35,2,0
Kirovohrad Oblast,2023,42,2023-10-16,UA-35,2,0
Kirovohrad Oblast,2023,43,2023-10-23,UA-35,3,0
Kirovohrad Oblast,2023,44,2023-10-30,UA-35,5,0
Kirovohrad Oblast,2023,45,2023-11-06,UA-35,1,0
Kirovohrad Oblast,2023,46,2023-11-13,UA-35,4,0
Kirovohrad Oblast,2023,47,2023-11-20,UA-35,2,0
Kirovohrad Oblast,2023,48,2023-11-27,UA-35,4,0
Kirovohrad Oblast,2023,49,2023-12-04,UA-35,2,0
Kirovohrad Oblast,2023,50,2023-12-11,UA-35,5,1
Kirovohrad Oblast,2023,51,2023-12-18,UA-35,7,0
Kirovohrad Oblast,2023,52,2023-12-25,UA-35,4,0
Kirovohrad Oblast,2024,1,2024-01-01,UA-35,6,1
Kirovohrad Oblast,2024,2,2024-01-08,UA-35,2,0
Kirovohrad Oblast,2024,3,2024-01-15,UA-35,3,0
Kirovohrad Oblast,2024,4,2024-01-22,UA-35,4,0
Kirovohrad Oblast,2024,5,2024-01-29,UA-35,2,0
Kirovohrad Oblast,2024,6,2024-02-05,UA-35,3,0
Kirovohrad Oblast,2024,7,2024-02-12,UA-35,4,0
Kirovohrad Oblast,2024,8,2024-02-19,UA-35,6,0
Kirovohrad Oblast,2024,10,2024-03-04,UA-35,2,0
Kirovohrad Oblast,2024,11,2024-03-11,UA-35,1,0
Kirovohrad Oblast,2024,12,2024-03-18,UA-35,4,0
Kirovohrad Oblast,2024,13,2024-03-25,UA-35,2,0
Kirovohrad Oblast,2024,14,2024-04-01,UA-35,3,0
Kirovohrad Oblast,2024,15,2024-04-08,UA-35,2,0
Kirovohrad Oblast,2024,16,2024-04-15,UA-35,2,0
Kirovohrad Oblast,2024,17,2024-04-22,UA-35,1,0
Kirovohrad Oblast,2024,18,2024-04-29,UA-35,1,1
Kirovohrad Oblast,2024,19,2024-05-06,UA-35,2,0
Kirovohrad Oblast,2024,20,2024-05-13,UA-35,3,0
Kirovohrad Oblast,2024,21,2024-05-20,UA-35,6,0
Kirovohrad Oblast,2024,22,2024-05-27,UA-35,4,0
Kirovohrad Oblast,2024,23,2024-06-03,UA-35,1,0
Kirovohrad Oblast,2024,24,2024-06-10,UA-35,1,0
Kirovohrad Oblast,2024,25,2024-06-17,UA-35,1,0
Kirovohrad Oblast,2024,26,2024-06-24,UA-35,2,0
Kirovohrad Oblast,2024,27,2024-07-01,UA-35,2,0
Kirovohrad Oblast,2024,28,2024-07-08,UA-35,1,0
Kirovohrad Oblast,2024,29,2024-07-15,UA-35,1,0
Kirovohrad Oblast,2024,31,2024-07-29,UA-35,2,0
Kirovohrad Oblast,2024,32,2024-08-05,UA-35,3,0
Kirovohrad Oblast,2024,33,2024-08-12,UA-35,4,0
Kirovohrad Oblast,2024,34,2024-08-19,UA-35,2,0
Kirovohrad Oblast,2024,35,2024-08-26,UA-35,6,0
Kirovohrad Oblast,2024,36,2024-09-02,UA-35,3,0
Kirovohrad Oblast,2024,37,2024-09-09,UA-35,4,0
Kirovohrad Oblast,2024,38,2024-09-16,UA-35,4,1
Kirovohrad Oblast,2024,39,2024-09-23,UA-35,3,0
Kirovohrad Oblast,2024,40,2024-09-30,UA-35,7,0
Kirovohrad Oblast,2024,41,2024-10-07,UA-35,1,0
Kirovohrad Oblast,2024,42,2024-10-14,UA-35,2,0
Kirovohrad Oblast,2024,43,2024-10-21,UA-35,3,0
Kirovohrad Oblast,2024,44,2024-10-28,UA-35,5,0
Kirovohrad Oblast,2024,45,2024-11-04,UA-35,6,1
Kirovohrad Oblast,2024,46,2024-11-11,UA-35,5,0
Kirovohrad Oblast,2024,47,2024-11-18,UA-35,2,0
Kirovohrad Oblast,2024,48,2024-11-25,UA-35,5,0
Kirovohrad Oblast,2024,49,2024-12-02,UA-35,4,0
Kirovohrad Oblast,2024,50,2024-12-09,UA-35,2,0
Kirovohrad Oblast,2024,51,2024-12-16,UA-35,4,0
Kirovohrad Oblast,2024,52,2024-12-23,UA-35,4,0
Kirovohrad Oblast,2025,1,2024-12-30,UA-35,2,0
Kirovohrad Oblast,2025,2,2025-01-06,UA-35,5,0
Kirovohrad Oblast,2025,3,2025-01-13,UA-35,3,0
Kirovohrad Oblast,2025,4,2025-01-20,UA-35,3,0
Kirovohrad Oblast,2025,5,2025-01-27,UA-35,3,0
Kirovohrad Oblast,2025,6,2025-02-03,UA-35,4,0
Kirovohrad Oblast,2025,7,2025-02-10,UA-35,4,0
Kirovohrad Oblast,2025,8,2025-02-17,UA-35,5,0
Kirovohrad Oblast,2025,9,2025-02-24,UA-35,6,0
Kirovohrad Oblast,2025,10,2025-03-03,UA-35,3,0
Kirovohrad Oblast,2025,11,2025-03-10,UA-35,2,0
Kirovohrad Oblast,2025,12,2025-03-17,UA-35,5,0
Kirovohrad Oblast,2025,13,2025-03-24,UA-35,3,0
Kirovohrad Oblast,2025,14,2025-03-31,UA-35,1,0
Kirovohrad Oblast,2025,15,2025-04-07,UA-35,2,0
Kirovohrad Oblast,2025,17,2025-04-21,UA-35,3,0
Kirovohrad Oblast,2025,18,2025-04-28,UA-35,2,0
Kirovohrad Oblast,2025,19,2025-05-05,UA-35,1,0
Kirovohrad Oblast,2025,20,2025-05-12,UA-35,3,0
Kirovohrad Oblast,2025,21,2025-05-19,UA-35,2,0
Kirovohrad Oblast,2025,22,2025-05-26,UA-35,2,0
Kirovohrad Oblast,2025,23,2025-06-02,UA-35,1,0
Kirovohrad Oblast,2025,24,2025-06-09,UA-35,2,0
Kirovohrad Oblast,2025,25,2025-06-16,UA-35,4,0
Kirovohrad Oblast,2025,26,2025-06-23,UA-35,1,0
Kirovohrad Oblast,2025,27,2025-06-30,UA-35,2,0
Kyiv Oblast,2022,8,2022-02-21,UA-30,74,84
Kyiv Oblast,2022,9,2022-02-28,UA-30,160,239
Kyiv Oblast,2022,10,2022-03-07,UA-30,140,155
Kyiv Oblast,2022,11,2022-03-14,UA-30,168,646
Kyiv Oblast,2022,12,2022-03-21,UA-30,102,175
Kyiv Oblast,2022,13,2022-03-28,UA-30,96,16
Kyiv Oblast,2022,14,2022-04-04,UA-30,16,6
Kyiv Oblast,2022,15,2022-04-11,UA-30,36,8
Kyiv Oblast,2022,16,2022-04-18,UA-30,20,3
Kyiv Oblast,2022,17,2022-04-25,UA-30,17,2
Kyiv Oblast,2022,18,2022-05-02,UA-30,13,1
Kyiv Oblast,2022,19,2022-05-09,UA-32,8,0
Kyiv Oblast,2022,20,2022-05-16,UA-30,15,0
Kyiv Oblast,2022,21,2022-05-23,UA-32,5,0
Kyiv Oblast,2022,22,2022-05-30,UA-30,4,0
Kyiv Oblast,2022,23,2022-06-06,UA-30,3,0
Kyiv Oblast,2022,24,2022-06-13,UA-30,4,1
Kyiv Oblast,2022,25,2022-06-20,UA-30,3,1
Kyiv Oblast,2022,26,2022-06-27,UA-30,1,0
Kyiv Oblast,2022,27,2022-07-04,UA-30,1,0
Kyiv Oblast,2022,28,2022-07-11,UA-30,4,0
Kyiv Oblast,2022,29,2022-07-18,UA-30,3,1
Kyiv Oblast,2022,30,2022-07-25,UA-30,5,1
Kyiv Oblast,2022,31,2022-08-01,UA-30,5,0
Kyiv Oblast,2022,32,2022-08-08,UA-30,1,0
Kyiv Oblast,2022,33,2022-08-15,UA-32,1,0
Kyiv Oblast,2022,34,2022-08-22,UA-30,5,0
Kyiv Oblast,2022,36,2022-09-05,UA-30,1,0
Kyiv Oblast,2022,37,2022-09-12,UA-30,2,0
Kyiv Oblast,2022,38,2022-09-19,UA-30,2,0
Kyiv Oblast,2022,39,2022-09-26,UA-30,1,0
Kyiv Oblast,2022,40,2022-10-03,UA-32,2,0
Kyiv Oblast,2022,41,2022-10-10,UA-30,14,7
Kyiv Oblast,2022,42,2022-10-17,UA-30,10,5
Kyiv Oblast,2022,43,2022-10-24,UA-30,4,0
Kyiv Oblast,2022,44,2022-10-31,UA-30,4,0
Kyiv Oblast,2022,45,2022-11-07,UA-30,2,1
Kyiv Oblast,2022,46,2022-11-14,UA-30,5,2
Kyiv Oblast,2022,47,2022-11-21,UA-30,10,10
Kyiv Oblast,2022,48,2022-11-28,UA-30,1,0
Kyiv Oblast,2022,49,2022-12-05,UA-30,4,0
Kyiv Oblast,2022,50,2022-12-12,UA-30,6,0
Kyiv Oblast,2022,51,2022-12-19,UA-30,4,0
Kyiv Oblast,2022,52,2022-12-26,UA-30,12,1
Kyiv Oblast,2023,1,2023-01-02,UA-30,2,0
Kyiv Oblast,2023,2,2023-01-09,UA-30,3,0
Kyiv Oblast,2023,4,2023-01-23,UA-30,2,1
Kyiv Oblast,2023,5,2023-01-30,UA-30,2,0
Kyiv Oblast,2023,6,2023-02-06,UA-30,2,0
Kyiv Oblast,2023,7,2023-02-13,UA-30,2,0
Kyiv Oblast,2023,8,2023-02-20,UA-30,1,0
Kyiv Oblast,2023,9,2023-02-27,UA-30,4,0
Kyiv Oblast,2023,10,2023-03-06,UA-30,4,0
Kyiv Oblast,2023,11,2023-03-13,UA-30,4,0
Kyiv Oblast,2023,12,2023-03-20,UA-30,5,10
Kyiv Oblast,2023,13,2023-03-27,UA-30,4,0
Kyiv Oblast,2023,14,2023-04-03,UA-30,2,0
Kyiv Oblast,2023,15,2023-04-10,UA-30,2,0
Kyiv Oblast,2023,16,2023-04-17,UA-30,1,0
Kyiv Oblast,2023,17,2023-04-24,UA-30,4,0
Kyiv Oblast,2023,18,2023-05-01,UA-30,7,0
Kyiv Oblast,2023,19,2023-05-08,UA-30,2,0
Kyiv Oblast,2023,20,2023-05-15,UA-30,10,0
Kyiv Oblast,2023,21,2023-05-22,UA-30,10,2
Kyiv Oblast,2023,22,2023-05-29,UA-30,9,4
Kyiv Oblast,2023,23,2023-06-05,UA-30,4,0
Kyiv Oblast,2023,24,2023-06-12,UA-30,2,0
Kyiv Oblast,2023,25,2023-06-19,UA-30,3,5
Kyiv Oblast,2023,26,2023-06-26,UA-30,3,0
Kyiv Oblast,2023,27,2023-07-03,UA-30,2,0
Kyiv Oblast,2023,28,2023-07-10,UA-30,4,0
Kyiv Oblast,2023,29,2023-07-17,UA-30,1,0
Kyiv Oblast,2023,30,2023-07-24,UA-30,1,0
Kyiv Oblast,2023,31,2023-07-31,UA-30,2,0
Kyiv Oblast,2023,32,2023-08-07,UA-30,3,0
Kyiv Oblast,2023,33,2023-08-14,UA-30,2,0
Kyiv Oblast,2023,34,2023-08-21,UA-30,4,0
Kyiv Oblast,2023,35,2023-08-28,UA-30,6,2
Kyiv Oblast,2023,36,2023-09-04,UA-30,7,0
Kyiv Oblast,2023,37,2023-09-11,UA-30,2,1
Kyiv Oblast,2023,38,2023-09-18,UA-30,8,1
Kyiv Oblast,2023,39,2023-09-25,UA-30,1,0
Kyiv Oblast,2023,40,2023-10-02,UA-30,2,0
Kyiv Oblast,2023,42,2023-10-16,UA-30,4,0
Kyiv Oblast,2023,43,2023-10-23,UA-30,7,0
Kyiv Oblast,2023,44,2023-10-30,UA-30,1,0
Kyiv Oblast,2023,45,2023-11-06,UA-30,6,0
Kyiv Oblast,2023,46,2023-11-13,UA-30,6,2
Kyiv Oblast,2023,47,2023-11-20,UA-30,11,0
Kyiv Oblast,2023,48,2023-11-27,UA-30,3,0
Kyiv Oblast,2023,49,2023-12-04,UA-30,3,1
Kyiv Oblast,2023,50,2023-12-11,UA-30,8,0
Kyiv Oblast,2023,51,2023-12-18,UA-30,6,0
Kyiv Oblast,2023,52,2023-12-25,UA-30,8,33
Kyiv Oblast,2024,1,2024-01-01,UA-30,8,3
Kyiv Oblast,2024,2,2024-01-08,UA-30,4,0
Kyiv Oblast,2024,3,2024-01-15,UA-30,2,0
Kyiv Oblast,2024,4,2024-01-22,UA-30,7,0
Kyiv Oblast,2024,5,2024-01-29,UA-30,5,0
Kyiv Oblast,2024,6,2024-02-05,UA-30,10,5
Kyiv Oblast,2024,7,2024-02-12,UA-30,6,0
Kyiv Oblast,2024,8,2024-02-19,UA-30,4,0
Kyiv Oblast,2024,9,2024-02-26,UA-30,1,0
Kyiv Oblast,2024,10,2024-03-04,UA-30,3,1
Kyiv Oblast,2024,11,2024-03-11,UA-30,7,0
Kyiv Oblast,2024,12,2024-03-18,UA-30,6,0
Kyiv Oblast,2024,13,2024-03-25,UA-30,8,0
Kyiv Oblast,2024,14,2024-04-01,UA-30,2,0
Kyiv Oblast,2024,15,2024-04-08,UA-30,4,0
Kyiv Oblast,2024,16,2024-04-15,UA-30,1,0
Kyiv Oblast,2024,17,2024-04-22,UA-30,5,0
Kyiv Oblast,2024,18,2024-04-29,UA-30,2,0
Kyiv Oblast,2024,19,2024-05-06,UA-30,6,0
Kyiv Oblast,2024,20,2024-05-13,UA-30,6,0
Kyiv Oblast,2024,21,2024-05-20,UA-30,3,0
Kyiv Oblast,2024,22,2024-05-27,UA-30,7,0
Kyiv Oblast,2024,23,2024-06-03,UA-30,5,0
Kyiv Oblast,2024,24,2024-06-10,UA-30,7,0
Kyiv Oblast,2024,25,2024-06-17,UA-30,4,1
Kyiv Oblast,2024,26,2024-06-24,UA-30,8,0
Kyiv Oblast,2024,27,2024-07-01,UA-30,3,0
Kyiv Oblast,2024,28,2024-07-08,UA-30,12,34
Kyiv Oblast,2024,29,2024-07-15,UA-30,8,0
Kyiv Oblast,2024,30,2024-07-22,UA-30,8,0
Kyiv Oblast,2024,31,2024-07-29,UA-30,9,0
Kyiv Oblast,2024,32,2024-08-05,UA-30,16,3
Kyiv Oblast,2024,33,2024-08-12,UA-30,6,0
Kyiv Oblast,2024,34,2024-08-19,UA-30,6,0
Kyiv Oblast,2024,35,2024-08-26,UA-30,12,0
Kyiv Oblast,2024,36,2024-09-02,UA-30,17,0
Kyiv Oblast,2024,37,2024-09-09,UA-30,8,0
Kyiv Oblast,2024,38,2024-09-16,UA-30,9,1
Kyiv Oblast,2024,39,2024-09-23,UA-30,7,0
Kyiv Oblast,2024,40,2024-09-30,UA-30,9,0
Kyiv Oblast,2024,41,2024-10-07,UA-30,8,0
Kyiv Oblast,2024,42,2024-10-14,UA-30,15,0
Kyiv Oblast,2024,43,2024-10-21,UA-30,11,1
Kyiv Oblast,2024,44,2024-10-28,UA-30,19,0
Kyiv Oblast,2024,45,2024-11-04,UA-30,15,0
Kyiv Oblast,2024,46,2024-11-11,UA-30,13,0
Kyiv Oblast,2024,47,2024-11-18,UA-30,6,0
Kyiv Oblast,2024,48,2024-11-25,UA-30,15,0
Kyiv Oblast,2024,49,2024-12-02,UA-30,13,0
Kyiv Oblast,2024,50,2024-12-09,UA-30,9,0
Kyiv Oblast,2024,51,2024-12-16,UA-30,16,1
Kyiv Oblast,2024,52,2024-12-23,UA-30,7,0
Kyiv Oblast,2025,1,2024-12-30,UA-30,14,4
Kyiv Oblast,2025,2,2025-01-06,UA-30,12,0
Kyiv Oblast,2025,3,2025-01-13,UA-30,20,4
Kyiv Oblast,2025,4,2025-01-20,UA-30,12,5
Kyiv Oblast,2025,5,2025-01-27,UA-30,12,0
Kyiv Oblast,2025,6,2025-02-03,UA-30,14,0
Kyiv Oblast,2025,7,2025-02-10,UA-30,21,1
Kyiv Oblast,2025,8,2025-02-17,UA-30,20,1
Kyiv Oblast,2025,9,2025-02-24,UA-30,17,2
Kyiv Oblast,2025,10,2025-03-03,UA-30,8,0
Kyiv Oblast,2025,11,2025-03-10,UA-30,15,0
Kyiv Oblast,2025,12,2025-03-17,UA-30,16,3
Kyiv Oblast,2025,13,2025-03-24,UA-30,11,1
Kyiv Oblast,2025,14,2025-03-31,UA-30,16,3
Kyiv Oblast,2025,15,2025-04-07,UA-30,9,0
Kyiv Oblast,2025,16,2025-04-14,UA-30,10,0
Kyiv Oblast,2025,17,2025-04-21,UA-30,18,13
Kyiv Oblast,2025,18,2025-04-28,UA-30,17,1
Kyiv Oblast,2025,19,2025-05-05,UA-30,8,2
Kyiv Oblast,2025,20,2025-05-12,UA-30,13,1
Kyiv Oblast,2025,21,2025-05-19,UA-30,23,4
Kyiv Oblast,2025,22,2025-05-26,UA-30,12,0
Kyiv Oblast,2025,23,2025-06-02,UA-30,17,3
Kyiv Oblast,2025,24,2025-06-09,UA-30,17,2
Kyiv Oblast,2025,25,2025-06-16,UA-30,20,28
Kyiv Oblast,2025,26,2025-06-23,UA-30,18,11
Kyiv Oblast,2025,27,2025-06-30,UA-30,17,4
Kyiv Oblast,2025,28,2025-07-07,UA-30,5,0
Luhansk Oblast,2022,8,2022-02-21,UA-09,32,70
Luhansk Oblast,2022,9,2022-02-28,UA-09,64,4
Luhansk Oblast,2022,10,2022-03-07,UA-09,61,118
Luhansk Oblast,2022,11,2022-03-14,UA-09,84,57
Luhansk Oblast,2022,12,2022-03-21,UA-09,61,333
Luhansk Oblast,2022,13,2022-03-28,UA-09,100,111
Luhansk Oblast,2022,14,2022-04-04,UA-09,109,69
Luhansk Oblast,2022,15,2022-04-11,UA-09,94,18
Luhansk Oblast,2022,16,2022-04-18,UA-09,77,70
Luhansk Oblast,2022,17,2022-04-25,UA-09,101,88
Luhansk Oblast,2022,18,2022-05-02,UA-09,79,83
Luhansk Oblast,2022,19,2022-05-09,UA-09,117,624
Luhansk Oblast,2022,20,2022-05-16,UA-09,116,163
Luhansk Oblast,2022,21,2022-05-23,UA-09,94,127
Luhansk Oblast,2022,22,2022-05-30,UA-09,125,58
Luhansk Oblast,2022,23,2022-06-06,UA-09,120,78
Luhansk Oblast,2022,24,2022-06-13,UA-09,135,59
Luhansk Oblast,2022,25,2022-06-20,UA-09,138,61
Luhansk Oblast,2022,26,2022-06-27,UA-09,83,85
Luhansk Oblast,2022,27,2022-07-04,UA-09,25,0
Luhansk Oblast,2022,28,2022-07-11,UA-09,32,63
Luhansk Oblast,2022,29,2022-07-18,UA-09,23,114
Luhansk Oblast,2022,30,2022-07-25,UA-09,18,108
Luhansk Oblast,2022,31,2022-08-01,UA-09,14,104
Luhansk Oblast,2022,32,2022-08-08,UA-09,14,203
Luhansk Oblast,2022,33,2022-08-15,UA-09,22,195
Luhansk Oblast,2022,34,2022-08-22,UA-09,16,331
Luhansk Oblast,2022,35,2022-08-29,UA-09,7,85
Luhansk Oblast,2022,36,2022-09-05,UA-09,11,485
Luhansk Oblast,2022,37,2022-09-12,UA-09,29,311
Luhansk Oblast,2022,38,2022-09-19,UA-09,38,96
Luhansk Oblast,2022,39,2022-09-26,UA-09,41,132
Luhansk Oblast,2022,40,2022-10-03,UA-09,53,120
Luhansk Oblast,2022,41,2022-10-10,UA-09,55,91
Luhansk Oblast,2022,42,2022-10-17,UA-09,78,166
Luhansk Oblast,2022,43,2022-10-24,UA-09,110,253
Luhansk Oblast,2022,44,2022-10-31,UA-09,90,1143
Luhansk Oblast,2022,45,2022-11-07,UA-09,122,118
Luhansk Oblast,2022,46,2022-11-14,UA-09,128,192
Luhansk Oblast,2022,47,2022-11-21,UA-09,82,311
Luhansk Oblast,2022,48,2022-11-28,UA-09,101,243
Luhansk Oblast,2022,49,2022-12-05,UA-09,94,138
Luhansk Oblast,2022,50,2022-12-12,UA-09,92,173
Luhansk Oblast,2022,51,2022-12-19,UA-09,94,187
Luhansk Oblast,2022,52,2022-12-26,UA-09,83,245
Luhansk Oblast,2023,1,2023-01-02,UA-09,82,38
Luhansk Oblast,2023,2,2023-01-09,UA-09,96,49
Luhansk Oblast,2023,3,2023-01-16,UA-09,87,29
Luhansk Oblast,2023,4,2023-01-23,UA-09,78,51
Luhansk Oblast,2023,5,2023-01-30,UA-09,91,31
Luhansk Oblast,2023,6,2023-02-06,UA-09,99,50
Luhansk Oblast,2023,7,2023-02-13,UA-09,96,37
Luhansk Oblast,2023,8,2023-02-20,UA-09,95,115
Luhansk Oblast,2023,9,2023-02-27,UA-09,91,56
Luhansk Oblast,2023,10,2023-03-06,UA-09,75,48
Luhansk Oblast,2023,11,2023-03-13,UA-09,88,27
Luhansk Oblast,2023,12,2023-03-20,UA-09,92,44
Luhansk Oblast,2023,13,2023-03-27,UA-09,78,172
Luhansk Oblast,2023,14,2023-04-03,UA-09,86,48
Luhansk Oblast,2023,15,2023-04-10,UA-09,66,17
Luhansk Oblast,2023,16,2023-04-17,UA-09,76,39
Luhansk Oblast,2023,17,2023-04-24,UA-09,60,40
Luhansk Oblast,2023,18,2023-05-01,UA-09,60,33
Luhansk Oblast,2023,19,2023-05-08,UA-09,67,40
Luhansk Oblast,2023,20,2023-05-15,UA-09,67,49
Luhansk Oblast,2023,21,2023-05-22,UA-09,62,52
Luhansk Oblast,2023,22,2023-05-29,UA-09,73,42
Luhansk Oblast,2023,23,2023-06-05,UA-09,70,50
Luhansk Oblast,2023,24,2023-06-12,UA-09,59,154
Luhansk Oblast,2023,25,2023-06-19,UA-09,57,43
Luhansk Oblast,2023,26,2023-06-26,UA-09,59,67
Luhansk Oblast,2023,27,2023-07-03,UA-09,79,42
Luhansk Oblast,2023,28,2023-07-10,UA-09,68,56
Luhansk Oblast,2023,29,2023-07-17,UA-09,85,50
Luhansk Oblast,2023,30,2023-07-24,UA-09,89,200
Luhansk Oblast,2023,31,2023-07-31,UA-09,79,62
Luhansk Oblast,2023,32,2023-08-07,UA-09,54,70
Luhansk Oblast,2023,33,2023-08-14,UA-09,64,74
Luhansk Oblast,2023,34,2023-08-21,UA-09,77,93
Luhansk Oblast,2023,35,2023-08-28,UA-09,74,60
Luhansk Oblast,2023,36,2023-09-04,UA-09,62,66
Luhansk Oblast,2023,37,2023-09-11,UA-09,61,45
Luhansk Oblast,2023,38,2023-09-18,UA-09,55,44
Luhansk Oblast,2023,39,2023-09-25,UA-09,55,44
Luhansk Oblast,2023,40,2023-10-02,UA-09,54,43
Luhansk Oblast,2023,41,2023-10-09,UA-09,49,32
Luhansk Oblast,2023,42,2023-10-16,UA-09,64,44
Luhansk Oblast,2023,43,2023-10-23,UA-09,61,37
Luhansk Oblast,2023,44,2023-10-30,UA-09,46,35
Luhansk Oblast,2023,45,2023-11-06,UA-09,47,57
Luhansk Oblast,2023,46,2023-11-13,UA-09,41,28
Luhansk Oblast,2023,47,2023-11-20,UA-09,40,33
Luhansk Oblast,2023,48,2023-11-27,UA-09,43,5
Luhansk Oblast,2023,49,2023-12-04,UA-09,45,26
Luhansk Oblast,2023,50,2023-12-11,UA-09,37,42
Luhansk Oblast,2023,51,2023-12-18,UA-09,43,39
Luhansk Oblast,2023,52,2023-12-25,UA-09,38,39
Luhansk Oblast,2024,1,2024-01-01,UA-09,41,34
Luhansk Oblast,2024,2,2024-01-08,UA-09,42,33
Luhansk Oblast,2024,3,2024-01-15,UA-09,49,34
Luhansk Oblast,2024,4,2024-01-22,UA-09,50,39
Luhansk Oblast,2024,5,2024-01-29,UA-09,35,48
Luhansk Oblast,2024,6,2024-02-05,UA-09,30,32
Luhansk Oblast,2024,7,2024-02-12,UA-09,37,25
Luhansk Oblast,2024,8,2024-02-19,UA-09,34,3
Luhansk Oblast,2024,9,2024-02-26,UA-09,36,3
Luhansk Oblast,2024,10,2024-03-04,UA-09,46,35
Luhansk Oblast,2024,11,2024-03-11,UA-09,16,20
Luhansk Oblast,2024,12,2024-03-18,UA-09,22,9
Luhansk Oblast,2024,13,2024-03-25,UA-09,18,5
Luhansk Oblast,2024,14,2024-04-01,UA-09,22,17
Luhansk Oblast,2024,15,2024-04-08,UA-09,23,12
Luhansk Oblast,2024,16,2024-04-15,UA-09,30,25
Luhansk Oblast,2024,17,2024-04-22,UA-09,42,19
Luhansk Oblast,2024,18,2024-04-29,UA-09,44,20
Luhansk Oblast,2024,19,2024-05-06,UA-09,43,35
Luhansk Oblast,2024,20,2024-05-13,UA-09,38,93
Luhansk Oblast,2024,21,2024-05-20,UA-09,48,74
Luhansk Oblast,2024,22,2024-05-27,UA-09,32,21
Luhansk Oblast,2024,23,2024-06-03,UA-09,36,81
Luhansk Oblast,2024,24,2024-06-10,UA-09,30,18
Luhansk Oblast,2024,25,2024-06-17,UA-09,33,37
Luhansk Oblast,2024,26,2024-06-24,UA-09,33,115
Luhansk Oblast,2024,27,2024-07-01,UA-09,32,24
Luhansk Oblast,2024,28,2024-07-08,UA-09,31,20
Luhansk Oblast,2024,29,2024-07-15,UA-09,30,7
Luhansk Oblast,2024,30,2024-07-22,UA-09,25,10
Luhansk Oblast,2024,31,2024-07-29,UA-09,26,15
Luhansk Oblast,2024,32,2024-08-05,UA-09,28,28
Luhansk Oblast,2024,33,2024-08-12,UA-09,43,31
Luhansk Oblast,2024,34,2024-08-19,UA-09,42,17
Luhansk Oblast,2024,35,2024-08-26,UA-09,34,11
Luhansk Oblast,2024,36,2024-09-02,UA-09,38,19
Luhansk Oblast,2024,37,2024-09-09,UA-09,41,14
Luhansk Oblast,2024,38,2024-09-16,UA-09,41,12
Luhansk Oblast,2024,39,2024-09-23,UA-09,37,13
Luhansk Oblast,2024,40,2024-09-30,UA-09,35,5
Luhansk Oblast,2024,41,2024-10-07,UA-09,36,5
Luhansk Oblast,2024,42,2024-10-14,UA-09,35,10
Luhansk Oblast,2024,43,2024-10-21,UA-09,32,19
Luhansk Oblast,2024,44,2024-10-28,UA-09,34,8
Luhansk Oblast,2024,45,2024-11-04,UA-09,27,7
Luhansk Oblast,2024,46,2024-11-11,UA-09,30,3
Luhansk Oblast,2024,47,2024-11-18,UA-09,28,7
Luhansk Oblast,2024,48,2024-11-25,UA-09,19,7
Luhansk Oblast,2024,49,2024-12-02,UA-09,29,9
Luhansk Oblast,2024,50,2024-12-09,UA-09,27,6
Luhansk Oblast,2024,51,2024-12-16,UA-09,31,3
Luhansk Oblast,2024,52,2024-12-23,UA-09,39,5
Luhansk Oblast,2025,1,2024-12-30,UA-09,32,3
Luhansk Oblast,2025,2,2025-01-06,UA-09,30,2
Luhansk Oblast,2025,3,2025-01-13,UA-09,26,0
Luhansk Oblast,2025,4,2025-01-20,UA-09,26,4
Luhansk Oblast,2025,5,2025-01-27,UA-09,24,8
Luhansk Oblast,2025,6,2025-02-03,UA-09,25,4
Luhansk Oblast,2025,7,2025-02-10,UA-09,23,19
Luhansk Oblast,2025,8,2025-02-17,UA-09,24,8
Luhansk Oblast,2025,9,2025-02-24,UA-09,20,4
Luhansk Oblast,2025,10,2025-03-03,UA-09,25,5
Luhansk Oblast,2025,11,2025-03-10,UA-09,30,19
Luhansk Oblast,2025,12,2025-03-17,UA-09,24,1
Luhansk Oblast,2025,13,2025-03-24,UA-09,21,14
Luhansk Oblast,2025,14,2025-03-31,UA-09,26,6
Luhansk Oblast,2025,15,2025-04-07,UA-09,36,151
Luhansk Oblast,2025,16,2025-04-14,UA-09,29,3
Luhansk Oblast,2025,17,2025-04-21,UA-09,17,0
Luhansk Oblast,2025,18,2025-04-28,UA-09,21,0
Luhansk Oblast,2025,19,2025-05-05,UA-09,22,0
Luhansk Oblast,2025,20,2025-05-12,UA-09,28,3
Luhansk Oblast,2025,21,2025-05-19,UA-09,19,0
Luhansk Oblast,2025,22,2025-05-26,UA-09,19,0
Luhansk Oblast,2025,23,2025-06-02,UA-09,25,1
Luhansk Oblast,2025,24,2025-06-09,UA-09,12,0
Luhansk Oblast,2025,25,2025-06-16,UA-09,16,2
Luhansk Oblast,2025,26,2025-06-23,UA-09,18,4
Luhansk Oblast,2025,27,2025-06-30,UA-09,23,2
Luhansk Oblast,2025,28,2025-07-07,UA-09,3,1
Lviv Oblast,2022,8,2022-02-21,UA-46,3,0
Lviv Oblast,2022,9,2022-02-28,UA-46,1,0
Lviv Oblast,2022,10,2022-03-07,UA-46,2,35
Lviv Oblast,2022,11,2022-03-14,UA-46,2,0
Lviv Oblast,2022,12,2022-03-21,UA-46,3,0
Lviv Oblast,2022,13,2022-03-28,UA-46,1,0
Lviv Oblast,2022,14,2022-04-04,UA-46,2,0
Lviv Oblast,2022,15,2022-04-11,UA-46,4,0
Lviv Oblast,2022,16,2022-04-18,UA-46,1,7
Lviv Oblast,2022,17,2022-04-25,UA-46,3,0
Lviv Oblast,2022,18,2022-05-02,UA-46,2,0
Lviv Oblast,2022,19,2022-05-09,UA-46,3,0
Lviv Oblast,2022,20,2022-05-16,UA-46,4,0
Lviv Oblast,2022,21,2022-05-23,UA-46,1,0
Lviv Oblast,2022,22,2022-05-30,UA-46,1,0
Lviv Oblast,2022,24,2022-06-13,UA-46,1,0
Lviv Oblast,2022,25,2022-06-20,UA-46,3,0
Lviv Oblast,2022,26,2022-06-27,UA-46,1,0
Lviv Oblast,2022,31,2022-08-01,UA-46,3,0
Lviv Oblast,2022,32,2022-08-08,UA-46,1,0
Lviv Oblast,2022,37,2022-09-12,UA-46,1,0
Lviv Oblast,2022,41,2022-10-10,UA-46,4,0
Lviv Oblast,2022,42,2022-10-17,UA-46,1,0
Lviv Oblast,2022,44,2022-10-31,UA-46,3,0
Lviv Oblast,2022,46,2022-11-14,UA-46,3,0
Lviv Oblast,2022,47,2022-11-21,UA-46,1,0
Lviv Oblast,2022,52,2022-12-26,UA-46,1,0
Lviv Oblast,2023,2,2023-01-09,UA-46,1,0
Lviv Oblast,2023,6,2023-02-06,UA-46,2,0
Lviv Oblast,2023,7,2023-02-13,UA-46,1,0
Lviv Oblast,2023,10,2023-03-06,UA-46,1,5
Lviv Oblast,2023,11,2023-03-13,UA-46,1,0
Lviv Oblast,2023,15,2023-04-10,UA-46,1,0
Lviv Oblast,2023,20,2023-05-15,UA-46,2,0
Lviv Oblast,2023,21,2023-05-22,UA-46,1,0
Lviv Oblast,2023,22,2023-05-29,UA-46,1,0
Lviv Oblast,2023,25,2023-06-19,UA-46,1,0
Lviv Oblast,2023,27,2023-07-03,UA-46,1,10
Lviv Oblast,2023,33,2023-08-14,UA-46,1,0
Lviv Oblast,2023,38,2023-09-18,UA-46,3,1
Lviv Oblast,2023,44,2023-10-30,UA-46,3,0
Lviv Oblast,2023,45,2023-11-06,UA-46,1,0
Lviv Oblast,2023,46,2023-11-13,UA-46,1,0
Lviv Oblast,2023,47,2023-11-20,UA-46,1,0
Lviv Oblast,2023,48,2023-11-27,UA-46,1,0
Lviv Oblast,2023,49,2023-12-04,UA-46,2,0
Lviv Oblast,2023,52,2023-12-25,UA-46,3,1
Lviv Oblast,2024,1,2024-01-01,UA-46,3,0
Lviv Oblast,2024,4,2024-01-22,UA-46,2,0
Lviv Oblast,2024,6,2024-02-05,UA-46,3,0
Lviv Oblast,2024,7,2024-02-12,UA-46,2,0
Lviv Oblast,2024,8,2024-02-19,UA-46,2,0
Lviv Oblast,2024,10,2024-03-04,UA-46,1,0
Lviv Oblast,2024,12,2024-03-18,UA-46,4,0
Lviv Oblast,2024,13,2024-03-25,UA-46,3,1
Lviv Oblast,2024,15,2024-04-08,UA-46,4,0
Lviv Oblast,2024,17,2024-04-22,UA-46,4,0
Lviv Oblast,2024,19,2024-05-06,UA-46,2,0
Lviv Oblast,2024,20,2024-05-13,UA-46,1,0
Lviv Oblast,2024,21,2024-05-20,UA-46,2,0
Lviv Oblast,2024,22,2024-05-27,UA-46,1,0
Lviv Oblast,2024,23,2024-06-03,UA-46,1,0
Lviv Oblast,2024,25,2024-06-17,UA-46,5,0
Lviv Oblast,2024,28,2024-07-08,UA-46,1,0
Lviv Oblast,2024,29,2024-07-15,UA-46,3,1
Lviv Oblast,2024,30,2024-07-22,UA-46,1,0
Lviv Oblast,2024,34,2024-08-19,UA-46,1,0
Lviv Oblast,2024,35,2024-08-26,UA-46,1,0
Lviv Oblast,2024,36,2024-09-02,UA-46,2,7
Lviv Oblast,2024,38,2024-09-16,UA-46,1,0
Lviv Oblast,2024,42,2024-10-14,UA-46,1,0
Lviv Oblast,2024,43,2024-10-21,UA-46,1,0
Lviv Oblast,2024,46,2024-11-11,UA-46,2,1
Lviv Oblast,2024,47,2024-11-18,UA-46,1,0
Lviv Oblast,2024,48,2024-11-25,UA-46,2,0
Lviv Oblast,2024,50,2024-12-09,UA-46,2,0
Lviv Oblast,2024,51,2024-12-16,UA-46,1,0
Lviv Oblast,2024,52,2024-12-23,UA-46,1,0
Lviv Oblast,2025,3,2025-01-13,UA-46,3,0
Lviv Oblast,2025,4,2025-01-20,UA-46,1,0
Lviv Oblast,2025,7,2025-02-10,UA-46,1,0
Lviv Oblast,2025,8,2025-02-17,UA-46,1,0
Lviv Oblast,2025,9,2025-02-24,UA-46,1,0
Lviv Oblast,2025,11,2025-03-10,UA-46,1,0
Lviv Oblast,2025,13,2025-03-24,UA-46,1,0
Lviv Oblast,2025,14,2025-03-31,UA-46,1,0
Lviv Oblast,2025,22,2025-05-26,UA-46,2,0
Lviv Oblast,2025,23,2025-06-02,UA-46,3,0
Lviv Oblast,2025,24,2025-06-09,UA-46,1,0
Lviv Oblast,2025,26,2025-06-23,UA-46,8,0
Mykolaiv Oblast,2022,8,2022-02-21,UA-48,7,45
Mykolaiv Oblast,2022,9,2022-02-28,UA-48,31,93
Mykolaiv Oblast,2022,10,2022-03-07,UA-48,25,34
Mykolaiv Oblast,2022,11,2022-03-14,UA-48,22,101
Mykolaiv Oblast,2022,12,2022-03-21,UA-48,20,11
Mykolaiv Oblast,2022,13,2022-03-28,UA-48,8,55
Mykolaiv Oblast,2022,14,2022-04-04,UA-48,14,13
Mykolaiv Oblast,2022,15,2022-04-11,UA-48,16,48
Mykolaiv Oblast,2022,16,2022-04-18,UA-48,19,61
Mykolaiv Oblast,2022,17,2022-04-25,UA-48,15,14
Mykolaiv Oblast,2022,18,2022-05-02,UA-48,21,12
Mykolaiv Oblast,2022,19,2022-05-09,UA-48,12,2
Mykolaiv Oblast,2022,20,2022-05-16,UA-48,23,0
Mykolaiv Oblast,2022,21,2022-05-23,UA-48,45,29
Mykolaiv Oblast,2022,22,2022-05-30,UA-48,58,10
Mykolaiv Oblast,2022,23,2022-06-06,UA-48,60,56
Mykolaiv Oblast,2022,24,2022-06-13,UA-48,72,5
Mykolaiv Oblast,2022,25,2022-06-20,UA-48,54,40
Mykolaiv Oblast,2022,26,2022-06-27,UA-48,84,35
Mykolaiv Oblast,2022,27,2022-07-04,UA-48,61,33
Mykolaiv Oblast,2022,28,2022-07-11,UA-48,118,42
Mykolaiv Oblast,2022,29,2022-07-18,UA-48,82,72
Mykolaiv Oblast,2022,30,2022-07-25,UA-48,88,224
Mykolaiv Oblast,2022,31,2022-08-01,UA-48,87,17
Mykolaiv Oblast,2022,32,2022-08-08,UA-48,102,32
Mykolaiv Oblast,2022,33,2022-08-15,UA-48,89,62
Mykolaiv Oblast,2022,34,2022-08-22,UA-48,102,224
Mykolaiv Oblast,2022,35,2022-08-29,UA-48,130,30
Mykolaiv Oblast,2022,36,2022-09-05,UA-48,142,87
Mykolaiv Oblast,2022,37,2022-09-12,UA-48,94,22
Mykolaiv Oblast,2022,38,2022-09-19,UA-48,78,54
Mykolaiv Oblast,2022,39,2022-09-26,UA-48,75,9
Mykolaiv Oblast,2022,40,2022-10-03,UA-48,72,26
Mykolaiv Oblast,2022,41,2022-10-10,UA-48,60,26
Mykolaiv Oblast,2022,42,2022-10-17,UA-48,50,2
Mykolaiv Oblast,2022,43,2022-10-24,UA-48,41,5
Mykolaiv Oblast,2022,44,2022-10-31,UA-48,49,127
Mykolaiv Oblast,2022,45,2022-11-07,UA-48,28,10
Mykolaiv Oblast,2022,46,2022-11-14,UA-48,11,7
Mykolaiv Oblast,2022,47,2022-11-21,UA-48,9,1
Mykolaiv Oblast,2022,48,2022-11-28,UA-48,8,0
Mykolaiv Oblast,2022,49,2022-12-05,UA-48,12,0
Mykolaiv Oblast,2022,50,2022-12-12,UA-48,11,1
Mykolaiv Oblast,2022,51,2022-12-19,UA-48,10,0
Mykolaiv Oblast,2022,52,2022-12-26,UA-48,12,0
Mykolaiv Oblast,2023,1,2023-01-02,UA-48,7,0
Mykolaiv Oblast,2023,2,2023-01-09,UA-48,12,0
Mykolaiv Oblast,2023,3,2023-01-16,UA-48,8,1
Mykolaiv Oblast,2023,4,2023-01-23,UA-48,8,0
Mykolaiv Oblast,2023,5,2023-01-30,UA-48,15,0
Mykolaiv Oblast,2023,6,2023-02-06,UA-48,13,1
Mykolaiv Oblast,2023,7,2023-02-13,UA-48,12,0
Mykolaiv Oblast,2023,8,2023-02-20,UA-48,11,0
Mykolaiv Oblast,2023,9,2023-02-27,UA-48,13,0
Mykolaiv Oblast,2023,10,2023-03-06,UA-48,17,2
Mykolaiv Oblast,2023,11,2023-03-13,UA-48,16,2
Mykolaiv Oblast,2023,12,2023-03-20,UA-48,7,3
Mykolaiv Oblast,2023,13,2023-03-27,UA-48,5,0
Mykolaiv Oblast,2023,14,2023-04-03,UA-48,5,0
Mykolaiv Oblast,2023,15,2023-04-10,UA-48,9,4
Mykolaiv Oblast,2023,16,2023-04-17,UA-48,8,2
Mykolaiv Oblast,2023,17,2023-04-24,UA-48,7,1
Mykolaiv Oblast,2023,18,2023-05-01,UA-48,7,0
Mykolaiv Oblast,2023,19,2023-05-08,UA-48,18,1
Mykolaiv Oblast,2023,20,2023-05-15,UA-48,20,0
Mykolaiv Oblast,2023,21,2023-05-22,UA-48,8,0
Mykolaiv Oblast,2023,22,2023-05-29,UA-48,12,0
Mykolaiv Oblast,2023,23,2023-06-05,UA-48,9,0
Mykolaiv Oblast,2023,24,2023-06-12,UA-48,7,0
Mykolaiv Oblast,2023,25,2023-06-19,UA-48,10,0
Mykolaiv Oblast,2023,26,2023-06-26,UA-48,9,0
Mykolaiv Oblast,2023,27,2023-07-03,UA-48,13,0
Mykolaiv Oblast,2023,28,2023-07-10,UA-48,16,0
Mykolaiv Oblast,2023,29,2023-07-17,UA-48,20,3
Mykolaiv Oblast,2023,30,2023-07-24,UA-48,10,2
Mykolaiv Oblast,2023,31,2023-07-31,UA-48,12,1
Mykolaiv Oblast,2023,32,2023-08-07,UA-48,14,0
Mykolaiv Oblast,2023,33,2023-08-14,UA-48,9,0
Mykolaiv Oblast,2023,34,2023-08-21,UA-48,7,0
Mykolaiv Oblast,2023,35,2023-08-28,UA-48,5,1
Mykolaiv Oblast,2023,36,2023-09-04,UA-48,4,0
Mykolaiv Oblast,2023,37,2023-09-11,UA-48,7,0
Mykolaiv Oblast,2023,38,2023-09-18,UA-48,10,1
Mykolaiv Oblast,2023,39,2023-09-25,UA-48,21,0
Mykolaiv Oblast,2023,40,2023-10-02,UA-48,11,0
Mykolaiv Oblast,2023,41,2023-10-09,UA-48,19,1
Mykolaiv Oblast,2023,42,2023-10-16,UA-48,17,2
Mykolaiv Oblast,2023,43,2023-10-23,UA-48,20,0
Mykolaiv Oblast,2023,44,2023-10-30,UA-48,25,0
Mykolaiv Oblast,2023,45,2023-11-06,UA-48,15,0
Mykolaiv Oblast,2023,46,2023-11-13,UA-48,17,2
Mykolaiv Oblast,2023,47,2023-11-20,UA-48,17,2
Mykolaiv Oblast,2023,48,2023-11-27,UA-48,20,10
Mykolaiv Oblast,2023,49,2023-12-04,UA-48,22,0
Mykolaiv Oblast,2023,50,2023-12-11,UA-48,24,0
Mykolaiv Oblast,2023,51,2023-12-18,UA-48,25,0
Mykolaiv Oblast,2023,52,2023-12-25,UA-48,29,2
Mykolaiv Oblast,2024,1,2024-01-01,UA-48,30,3
Mykolaiv Oblast,2024,2,2024-01-08,UA-48,27,2
Mykolaiv Oblast,2024,3,2024-01-15,UA-48,30,5
Mykolaiv Oblast,2024,4,2024-01-22,UA-48,28,4
Mykolaiv Oblast,2024,5,2024-01-29,UA-48,25,1
Mykolaiv Oblast,2024,6,2024-02-05,UA-48,24,3
Mykolaiv Oblast,2024,7,2024-02-12,UA-48,14,0
Mykolaiv Oblast,2024,8,2024-02-19,UA-48,15,0
Mykolaiv Oblast,2024,9,2024-02-26,UA-48,20,0
Mykolaiv Oblast,2024,10,2024-03-04,UA-48,18,0
Mykolaiv Oblast,2024,11,2024-03-11,UA-48,21,1
Mykolaiv Oblast,2024,12,2024-03-18,UA-48,22,2
Mykolaiv Oblast,2024,13,2024-03-25,UA-48,17,1
Mykolaiv Oblast,2024,14,2024-04-01,UA-48,17,0
Mykolaiv Oblast,2024,15,2024-04-08,UA-48,20,5
Mykolaiv Oblast,2024,16,2024-04-15,UA-48,13,1
Mykolaiv Oblast,2024,17,2024-04-22,UA-48,13,0
Mykolaiv Oblast,2024,18,2024-04-29,UA-48,11,0
Mykolaiv Oblast,2024,19,2024-05-06,UA-48,14,0
Mykolaiv Oblast,2024,20,2024-05-13,UA-48,13,0
Mykolaiv Oblast,2024,21,2024-05-20,UA-48,14,0
Mykolaiv Oblast,2024,22,2024-05-27,UA-48,13,3
Mykolaiv Oblast,2024,23,2024-06-03,UA-48,7,0
Mykolaiv Oblast,2024,24,2024-06-10,UA-48,8,0
Mykolaiv Oblast,2024,25,2024-06-17,UA-48,8,0
Mykolaiv Oblast,2024,26,2024-06-24,UA-48,11,0
Mykolaiv Oblast,2024,27,2024-07-01,UA-48,4,0
Mykolaiv Oblast,2024,28,2024-07-08,UA-48,14,1
Mykolaiv Oblast,2024,29,2024-07-15,UA-48,9,3
Mykolaiv Oblast,2024,30,2024-07-22,UA-48,8,0
Mykolaiv Oblast,2024,31,2024-07-29,UA-48,10,0
Mykolaiv Oblast,2024,32,2024-08-05,UA-48,17,31
Mykolaiv Oblast,2024,33,2024-08-12,UA-48,9,0
Mykolaiv Oblast,2024,34,2024-08-19,UA-48,12,0
Mykolaiv Oblast,2024,35,2024-08-26,UA-48,15,0
Mykolaiv Oblast,2024,36,2024-09-02,UA-48,13,1
Mykolaiv Oblast,2024,37,2024-09-09,UA-48,11,0
Mykolaiv Oblast,2024,38,2024-09-16,UA-48,12,0
Mykolaiv Oblast,2024,39,2024-09-23,UA-48,14,3
Mykolaiv Oblast,2024,40,2024-09-30,UA-48,15,0
Mykolaiv Oblast,2024,41,2024-10-07,UA-48,12,0
Mykolaiv Oblast,2024,42,2024-10-14,UA-48,14,1
Mykolaiv Oblast,2024,43,2024-10-21,UA-48,11,1
Mykolaiv Oblast,2024,44,2024-10-28,UA-48,5,0
Mykolaiv Oblast,2024,45,2024-11-04,UA-48,7,0
Mykolaiv Oblast,2024,46,2024-11-11,UA-48,10,9
Mykolaiv Oblast,2024,47,2024-11-18,UA-48,7,0
Mykolaiv Oblast,2024,48,2024-11-25,UA-48,7,1
Mykolaiv Oblast,2024,49,2024-12-02,UA-48,6,1
Mykolaiv Oblast,2024,50,2024-12-09,UA-48,6,0
Mykolaiv Oblast,2024,51,2024-12-16,UA-48,10,0
Mykolaiv Oblast,2024,52,2024-12-23,UA-48,7,0
Mykolaiv Oblast,2025,1,2024-12-30,UA-48,12,0
Mykolaiv Oblast,2025,2,2025-01-06,UA-48,18,0
Mykolaiv Oblast,2025,3,2025-01-13,UA-48,8,0
Mykolaiv Oblast,2025,4,2025-01-20,UA-48,8,0
Mykolaiv Oblast,2025,5,2025-01-27,UA-48,9,2
Mykolaiv Oblast,2025,6,2025-02-03,UA-48,2,0
Mykolaiv Oblast,2025,7,2025-02-10,UA-48,12,4
Mykolaiv Oblast,2025,8,2025-02-17,UA-48,11,0
Mykolaiv Oblast,2025,9,2025-02-24,UA-48,13,0
Mykolaiv Oblast,2025,10,2025-03-03,UA-48,14,0
Mykolaiv Oblast,2025,11,2025-03-10,UA-48,10,0
Mykolaiv Oblast,2025,12,2025-03-17,UA-48,8,0
Mykolaiv Oblast,2025,13,2025-03-24,UA-48,8,0
Mykolaiv Oblast,2025,14,2025-03-31,UA-48,7,0
Mykolaiv Oblast,2025,15,2025-04-07,UA-48,4,0
Mykolaiv Oblast,2025,16,2025-04-14,UA-48,10,0
Mykolaiv Oblast,2025,17,2025-04-21,UA-48,6,0
Mykolaiv Oblast,2025,18,2025-04-28,UA-48,3,0
Mykolaiv Oblast,2025,19,2025-05-05,UA-48,4,0
Mykolaiv Oblast,2025,20,2025-05-12,UA-48,9,0
Mykolaiv Oblast,2025,21,2025-05-19,UA-48,11,2
Mykolaiv Oblast,2025,22,2025-05-26,UA-48,9,1
Mykolaiv Oblast,2025,23,2025-06-02,UA-48,11,0
Mykolaiv Oblast,2025,24,2025-06-09,UA-48,5,0
Mykolaiv Oblast,2025,25,2025-06-16,UA-48,14,3
Mykolaiv Oblast,2025,26,2025-06-23,UA-48,12,0
Mykolaiv Oblast,2025,27,2025-06-30,UA-48,14,4
Mykolaiv Oblast,2025,28,2025-07-07,UA-48,12,1
Odessa Oblast,2022,8,2022-02-21,UA-51,16,22
Odessa Oblast,2022,9,2022-02-28,UA-51,14,4
Odessa Oblast,2022,10,2022-03-07,UA-51,2,0
Odessa Oblast,2022,11,2022-03-14,UA-51,17,0
Odessa Oblast,2022,12,2022-03-21,UA-51,10,0
Odessa Oblast,2022,13,2022-03-28,UA-51,4,2
Odessa Oblast,2022,14,2022-04-04,UA-51,7,4
Odessa Oblast,2022,15,2022-04-11,UA-51,5,37
Odessa Oblast,2022,16,2022-04-18,UA-51,7,8
Odessa Oblast,2022,17,2022-04-25,UA-51,13,45
Odessa Oblast,2022,18,2022-05-02,UA-51,24,140
Odessa Oblast,2022,19,2022-05-09,UA-51,13,1
Odessa Oblast,2022,20,2022-05-16,UA-51,10,0
Odessa Oblast,2022,21,2022-05-23,UA-51,5,0
Odessa Oblast,2022,22,2022-05-30,UA-51,15,0
Odessa Oblast,2022,23,2022-06-06,UA-51,3,2
Odessa Oblast,2022,24,2022-06-13,UA-51,8,11
Odessa Oblast,2022,25,2022-06-20,UA-51,17,21
Odessa Oblast,2022,26,2022-06-27,UA-51,17,22
Odessa Oblast,2022,27,2022-07-04,UA-51,8,10
Odessa Oblast,2022,28,2022-07-11,UA-51,8,1
Odessa Oblast,2022,29,2022-07-18,UA-51,13,20
Odessa Oblast,2022,30,2022-07-25,UA-51,3,0
Odessa Oblast,2022,31,2022-08-01,UA-51,2,0
Odessa Oblast,2022,32,2022-08-08,UA-51,3,3
Odessa Oblast,2022,33,2022-08-15,UA-51,5,0
Odessa Oblast,2022,34,2022-08-22,UA-51,2,0
Odessa Oblast,2022,35,2022-08-29,UA-51,2,0
Odessa Oblast,2022,36,2022-09-05,UA-51,1,0
Odessa Oblast,2022,37,2022-09-12,UA-51,4,0
Odessa Oblast,2022,38,2022-09-19,UA-51,12,2
Odessa Oblast,2022,39,2022-09-26,UA-51,17,0
Odessa Oblast,2022,40,2022-10-03,UA-51,7,0
Odessa Oblast,2022,41,2022-10-10,UA-51,5,0
Odessa Oblast,2022,42,2022-10-17,UA-51,8,0
Odessa Oblast,2022,43,2022-10-24,UA-51,1,0
Odessa Oblast,2022,44,2022-10-31,UA-51,3,0
Odessa Oblast,2022,45,2022-11-07,UA-51,4,0
Odessa Oblast,2022,46,2022-11-14,UA-51,4,0
Odessa Oblast,2022,47,2022-11-21,UA-51,1,0
Odessa Oblast,2022,48,2022-11-28,UA-51,2,0
Odessa Oblast,2022,49,2022-12-05,UA-51,3,0
Odessa Oblast,2022,50,2022-12-12,UA-51,4,0
Odessa Oblast,2022,51,2022-12-19,UA-51,1,0
Odessa Oblast,2022,52,2022-12-26,UA-51,4,0
Odessa Oblast,2023,1,2023-01-02,UA-51,1,0
Odessa Oblast,2023,2,2023-01-09,UA-51,2,0
Odessa Oblast,2023,4,2023-01-23,UA-51,1,0
Odessa Oblast,2023,5,2023-01-30,UA-51,1,0
Odessa Oblast,2023,6,2023-02-06,UA-51,5,0
Odessa Oblast,2023,7,2023-02-13,UA-51,1,0
Odessa Oblast,2023,10,2023-03-06,UA-51,2,0
Odessa Oblast,2023,11,2023-03-13,UA-51,3,0
Odessa Oblast,2023,12,2023-03-20,UA-51,4,0
Odessa Oblast,2023,13,2023-03-27,UA-51,1,0
Odessa Oblast,2023,14,2023-04-03,UA-51,1,0
Odessa Oblast,2023,16,2023-04-17,UA-51,2,0
Odessa Oblast,2023,18,2023-05-01,UA-51,1,0
Odessa Oblast,2023,19,2023-05-08,UA-51,3,1
Odessa Oblast,2023,20,2023-05-15,UA-51,4,2
Odessa Oblast,2023,21,2023-05-22,UA-51,2,0
Odessa Oblast,2023,22,2023-05-29,UA-51,2,0
Odessa Oblast,2023,23,2023-06-05,UA-51,4,3
Odessa Oblast,2023,24,2023-06-12,UA-51,2,3
Odessa Oblast,2023,25,2023-06-19,UA-51,3,0
Odessa Oblast,2023,26,2023-06-26,UA-51,2,0
Odessa Oblast,2023,27,2023-07-03,UA-51,1,0
Odessa Oblast,2023,28,2023-07-10,UA-51,7,1
Odessa Oblast,2023,29,2023-07-17,UA-51,12,2
Odessa Oblast,2023,30,2023-07-24,UA-51,5,1
Odessa Oblast,2023,31,2023-07-31,UA-51,2,0
Odessa Oblast,2023,32,2023-08-07,UA-51,1,0
Odessa Oblast,2023,33,2023-08-14,UA-51,2,0
Odessa Oblast,2023,34,2023-08-21,UA-51,4,0
Odessa Oblast,2023,35,2023-08-28,UA-51,6,0
Odessa Oblast,2023,36,2023-09-04,UA-51,8,1
Odessa Oblast,2023,37,2023-09-11,UA-51,7,0
Odessa Oblast,2023,38,2023-09-18,UA-51,8,0
Odessa Oblast,2023,39,2023-09-25,UA-51,6,2
Odessa Oblast,2023,40,2023-10-02,UA-51,12,0
Odessa Oblast,2023,41,2023-10-09,UA-51,10,0
Odessa Oblast,2023,42,2023-10-16,UA-51,8,0
Odessa Oblast,2023,43,2023-10-23,UA-51,3,0
Odessa Oblast,2023,44,2023-10-30,UA-51,8,0
Odessa Oblast,2023,45,2023-11-06,UA-51,5,1
Odessa Oblast,2023,46,2023-11-13,UA-51,4,0
Odessa Oblast,2023,47,2023-11-20,UA-51,4,0
Odessa Oblast,2023,48,2023-11-27,UA-51,5,0
Odessa Oblast,2023,49,2023-12-04,UA-51,5,3
Odessa Oblast,2023,50,2023-12-11,UA-51,7,2
Odessa Oblast,2023,51,2023-12-18,UA-51,8,0
Odessa Oblast,2023,52,2023-12-25,UA-51,15,7
Odessa Oblast,2024,1,2024-01-01,UA-51,5,2
Odessa Oblast,2024,2,2024-01-08,UA-51,2,0
Odessa Oblast,2024,3,2024-01-15,UA-51,4,0
Odessa Oblast,2024,4,2024-01-22,UA-51,6,0
Odessa Oblast,2024,5,2024-01-29,UA-51,1,0
Odessa Oblast,2024,6,2024-02-05,UA-51,8,0
Odessa Oblast,2024,7,2024-02-12,UA-51,2,0
Odessa Oblast,2024,8,2024-02-19,UA-51,6,8
Odessa Oblast,2024,9,2024-02-26,UA-51,7,12
Odessa Oblast,2024,10,2024-03-04,UA-51,10,5
Odessa Oblast,2024,11,2024-03-11,UA-51,8,21
Odessa Oblast,2024,12,2024-03-18,UA-51,8,0
Odessa Oblast,2024,13,2024-03-25,UA-51,12,0
Odessa Oblast,2024,14,2024-04-01,UA-51,7,1
Odessa Oblast,2024,15,2024-04-08,UA-51,11,5
Odessa Oblast,2024,16,2024-04-15,UA-51,10,0
Odessa Oblast,2024,17,2024-04-22,UA-51,6,0
Odessa Oblast,2024,18,2024-04-29,UA-51,9,10
Odessa Oblast,2024,19,2024-05-06,UA-51,5,0
Odessa Oblast,2024,20,2024-05-13,UA-51,6,1
Odessa Oblast,2024,21,2024-05-20,UA-51,4,0
Odessa Oblast,2024,22,2024-05-27,UA-51,6,0
Odessa Oblast,2024,23,2024-06-03,UA-51,5,0
Odessa Oblast,2024,24,2024-06-10,UA-51,5,0
Odessa Oblast,2024,25,2024-06-17,UA-51,5,0
Odessa Oblast,2024,26,2024-06-24,UA-51,4,0
Odessa Oblast,2024,27,2024-07-01,UA-51,4,3
Odessa Oblast,2024,28,2024-07-08,UA-51,3,2
Odessa Oblast,2024,29,2024-07-15,UA-51,6,0
Odessa Oblast,2024,30,2024-07-22,UA-51,7,0
Odessa Oblast,2024,31,2024-07-29,UA-51,3,0
Odessa Oblast,2024,32,2024-08-05,UA-51,5,0
Odessa Oblast,2024,33,2024-08-12,UA-51,2,0
Odessa Oblast,2024,34,2024-08-19,UA-51,2,0
Odessa Oblast,2024,35,2024-08-26,UA-51,4,2
Odessa Oblast,2024,36,2024-09-02,UA-51,7,0
Odessa Oblast,2024,37,2024-09-09,UA-51,12,2
Odessa Oblast,2024,38,2024-09-16,UA-51,1,2
Odessa Oblast,2024,39,2024-09-23,UA-51,11,5
Odessa Oblast,2024,40,2024-09-30,UA-51,8,0
Odessa Oblast,2024,41,2024-10-07,UA-51,8,10
Odessa Oblast,2024,42,2024-10-14,UA-51,8,1
Odessa Oblast,2024,43,2024-10-21,UA-51,5,0
Odessa Oblast,2024,44,2024-10-28,UA-51,9,1
Odessa Oblast,2024,45,2024-11-04,UA-51,9,2
Odessa Oblast,2024,46,2024-11-11,UA-51,3,3
Odessa Oblast,2024,47,2024-11-18,UA-51,3,11
Odessa Oblast,2024,48,2024-11-25,UA-51,8,0
Odessa Oblast,2024,49,2024-12-02,UA-51,4,0
Odessa Oblast,2024,50,2024-12-09,UA-51,6,0
Odessa Oblast,2024,51,2024-12-16,UA-51,1,0
Odessa Oblast,2024,52,2024-12-23,UA-51,3,0
Odessa Oblast,2025,1,2024-12-30,UA-51,4,0
Odessa Oblast,2025,2,2025-01-06,UA-51,2,0
Odessa Oblast,2025,3,2025-01-13,UA-51,4,0
Odessa Oblast,2025,4,2025-01-20,UA-51,5,2
Odessa Oblast,2025,5,2025-01-27,UA-51,14,0
Odessa Oblast,2025,6,2025-02-03,UA-51,5,2
Odessa Oblast,2025,7,2025-02-10,UA-51,13,0
Odessa Oblast,2025,8,2025-02-17,UA-51,11,0
Odessa Oblast,2025,9,2025-02-24,UA-51,8,1
Odessa Oblast,2025,10,2025-03-03,UA-51,15,1
Odessa Oblast,2025,11,2025-03-10,UA-51,12,5
Odessa Oblast,2025,12,2025-03-17,UA-51,7,1
Odessa Oblast,2025,13,2025-03-24,UA-51,4,0
Odessa Oblast,2025,14,2025-03-31,UA-51,2,0
Odessa Oblast,2025,15,2025-04-07,UA-51,3,0
Odessa Oblast,2025,16,2025-04-14,UA-51,3,0
Odessa Oblast,2025,17,2025-04-21,UA-51,7,0
Odessa Oblast,2025,18,2025-04-28,UA-51,2,2
Odessa Oblast,2025,19,2025-05-05,UA-51,1,1
Odessa Oblast,2025,20,2025-05-12,UA-51,4,1
Odessa Oblast,2025,21,2025-05-19,UA-51,5,3
Odessa Oblast,2025,22,2025-05-26,UA-51,9,0
Odessa Oblast,2025,23,2025-06-02,UA-51,8,3
Odessa Oblast,2025,24,2025-06-09,UA-51,7,3
Odessa Oblast,2025,25,2025-06-16,UA-51,5,3
Odessa Oblast,2025,26,2025-06-23,UA-51,3,5
Odessa Oblast,2025,27,2025-06-30,UA-51,8,2
Odessa Oblast,2025,28,2025-07-07,UA-51,1,1
Poltava Oblast,2022,8,2022-02-21,UA-53,4,0
Poltava Oblast,2022,9,2022-02-28,UA-53,2,0
Poltava Oblast,2022,10,2022-03-07,UA-53,3,0
Poltava Oblast,2022,11,2022-03-14,UA-53,1,10
Poltava Oblast,2022,13,2022-03-28,UA-53,4,0
Poltava Oblast,2022,14,2022-04-04,UA-53,3,0
Poltava Oblast,2022,15,2022-04-11,UA-53,2,1
Poltava Oblast,2022,16,2022-04-18,UA-53,1,0
Poltava Oblast,2022,18,2022-05-02,UA-53,2,0
Poltava Oblast,2022,19,2022-05-09,UA-53,4,0
Poltava Oblast,2022,20,2022-05-16,UA-53,1,0
Poltava Oblast,2022,23,2022-06-06,UA-53,1,0
Poltava Oblast,2022,24,2022-06-13,UA-53,2,0
Poltava Oblast,2022,26,2022-06-27,UA-53,1,10
Poltava Oblast,2022,34,2022-08-22,UA-53,1,0
Poltava Oblast,2022,36,2022-09-05,UA-53,2,0
Poltava Oblast,2022,41,2022-10-10,UA-53,4,1
Poltava Oblast,2022,44,2022-10-31,UA-53,2,0
Poltava Oblast,2022,46,2022-11-14,UA-53,1,0
Poltava Oblast,2022,48,2022-11-28,UA-53,1,2
Poltava Oblast,2022,49,2022-12-05,UA-53,1,0
Poltava Oblast,2022,51,2022-12-19,UA-53,1,0
Poltava Oblast,2022,52,2022-12-26,UA-53,1,0
Poltava Oblast,2023,7,2023-02-13,UA-53,1,0
Poltava Oblast,2023,9,2023-02-27,UA-53,2,0
Poltava Oblast,2023,16,2023-04-17,UA-53,1,0
Poltava Oblast,2023,20,2023-05-15,UA-53,1,0
Poltava Oblast,2023,22,2023-05-29,UA-53,1,0
Poltava Oblast,2023,23,2023-06-05,UA-53,1,0
Poltava Oblast,2023,26,2023-06-26,UA-53,2,0
Poltava Oblast,2023,30,2023-07-24,UA-53,1,0
Poltava Oblast,2023,34,2023-08-21,UA-53,1,0
Poltava Oblast,2023,35,2023-08-28,UA-53,1,4
Poltava Oblast,2023,38,2023-09-18,UA-53,3,1
Poltava Oblast,2023,40,2023-10-02,UA-53,3,0
Poltava Oblast,2023,41,2023-10-09,UA-53,2,0
Poltava Oblast,2023,42,2023-10-16,UA-53,1,0
Poltava Oblast,2023,43,2023-10-23,UA-53,1,0
Poltava Oblast,2023,44,2023-10-30,UA-53,3,1
Poltava Oblast,2023,45,2023-11-06,UA-53,1,0
Poltava Oblast,2023,46,2023-11-13,UA-53,2,0
Poltava Oblast,2023,47,2023-11-20,UA-53,2,0
Poltava Oblast,2023,48,2023-11-27,UA-53,1,0
Poltava Oblast,2023,49,2023-12-04,UA-53,3,0
Poltava Oblast,2023,50,2023-12-11,UA-53,2,0
Poltava Oblast,2023,51,2023-12-18,UA-53,2,0
Poltava Oblast,2023,52,2023-12-25,UA-53,3,0
Poltava Oblast,2024,2,2024-01-08,UA-53,2,0
Poltava Oblast,2024,3,2024-01-15,UA-53,1,0
Poltava Oblast,2024,4,2024-01-22,UA-53,5,0
Poltava Oblast,2024,5,2024-01-29,UA-53,2,0
Poltava Oblast,2024,6,2024-02-05,UA-53,2,0
Poltava Oblast,2024,7,2024-02-12,UA-53,5,0
Poltava Oblast,2024,8,2024-02-19,UA-53,5,0
Poltava Oblast,2024,9,2024-02-26,UA-53,3,0
Poltava Oblast,2024,10,2024-03-04,UA-53,4,0
Poltava Oblast,2024,11,2024-03-11,UA-53,2,0
Poltava Oblast,2024,12,2024-03-18,UA-53,3,0
Poltava Oblast,2024,13,2024-03-25,UA-53,6,0
Poltava Oblast,2024,14,2024-04-01,UA-53,1,0
Poltava Oblast,2024,15,2024-04-08,UA-53,3,1
Poltava Oblast,2024,16,2024-04-15,UA-53,2,0
Poltava Oblast,2024,17,2024-04-22,UA-53,1,0
Poltava Oblast,2024,18,2024-04-29,UA-53,1,0
Poltava Oblast,2024,19,2024-05-06,UA-53,3,0
Poltava Oblast,2024,20,2024-05-13,UA-53,4,0
Poltava Oblast,2024,21,2024-05-20,UA-53,2,0
Poltava Oblast,2024,23,2024-06-03,UA-53,4,1
Poltava Oblast,2024,24,2024-06-10,UA-53,3,0
Poltava Oblast,2024,25,2024-06-17,UA-53,2,0
Poltava Oblast,2024,27,2024-07-01,UA-53,8,1
Poltava Oblast,2024,28,2024-07-08,UA-53,1,0
Poltava Oblast,2024,29,2024-07-15,UA-53,7,0
Poltava Oblast,2024,30,2024-07-22,UA-53,4,0
Poltava Oblast,2024,31,2024-07-29,UA-53,6,0
Poltava Oblast,2024,32,2024-08-05,UA-53,2,0
Poltava Oblast,2024,33,2024-08-12,UA-53,4,0
Poltava Oblast,2024,34,2024-08-19,UA-53,3,0
Poltava Oblast,2024,35,2024-08-26,UA-53,7,0
Poltava Oblast,2024,36,2024-09-02,UA-53,6,58
Poltava Oblast,2024,37,2024-09-09,UA-53,4,0
Poltava Oblast,2024,38,2024-09-16,UA-53,4,0
Poltava Oblast,2024,39,2024-09-23,UA-53,3,0
Poltava Oblast,2024,40,2024-09-30,UA-53,6,0
Poltava Oblast,2024,41,2024-10-07,UA-53,6,0
Poltava Oblast,2024,42,2024-10-14,UA-53,8,0
Poltava Oblast,2024,43,2024-10-21,UA-53,3,0
Poltava Oblast,2024,44,2024-10-28,UA-53,6,0
Poltava Oblast,2024,45,2024-11-04,UA-53,5,0
Poltava Oblast,2024,46,2024-11-11,UA-53,7,0
Poltava Oblast,2024,47,2024-11-18,UA-53,5,0
Poltava Oblast,2024,48,2024-11-25,UA-53,4,0
Poltava Oblast,2024,49,2024-12-02,UA-53,5,0
Poltava Oblast,2024,50,2024-12-09,UA-53,4,0
Poltava Oblast,2024,51,2024-12-16,UA-53,4,0
Poltava Oblast,2024,52,2024-12-23,UA-53,4,0
Poltava Oblast,2025,1,2024-12-30,UA-53,4,0
Poltava Oblast,2025,2,2025-01-06,UA-53,6,0
Poltava Oblast,2025,3,2025-01-13,UA-53,6,0
Poltava Oblast,2025,4,2025-01-20,UA-53,7,0
Poltava Oblast,2025,5,2025-01-27,UA-53,10,16
Poltava Oblast,2025,6,2025-02-03,UA-53,6,0
Poltava Oblast,2025,7,2025-02-10,UA-53,6,0
Poltava Oblast,2025,8,2025-02-17,UA-53,6,0
Poltava Oblast,2025,9,2025-02-24,UA-53,7,0
Poltava Oblast,2025,10,2025-03-03,UA-53,15,0
Poltava Oblast,2025,11,2025-03-10,UA-53,6,0
Poltava Oblast,2025,12,2025-03-17,UA-53,5,0
Poltava Oblast,2025,13,2025-03-24,UA-53,4,0
Poltava Oblast,2025,14,2025-03-31,UA-53,1,0
Poltava Oblast,2025,15,2025-04-07,UA-53,1,0
Poltava Oblast,2025,17,2025-04-21,UA-53,6,0
Poltava Oblast,2025,18,2025-04-28,UA-53,2,0
Poltava Oblast,2025,19,2025-05-05,UA-53,3,0
Poltava Oblast,2025,20,2025-05-12,UA-53,3,0
Poltava Oblast,2025,21,2025-05-19,UA-53,2,0
Poltava Oblast,2025,22,2025-05-26,UA-53,1,0
Poltava Oblast,2025,23,2025-06-02,UA-53,3,2
Poltava Oblast,2025,24,2025-06-09,UA-53,6,0
Poltava Oblast,2025,25,2025-06-16,UA-53,4,1
Poltava Oblast,2025,26,2025-06-23,UA-53,4,0
Poltava Oblast,2025,27,2025-06-30,UA-53,2,2
Rivne Oblast,2022,8,2022-02-21,UA-56,1,0
Rivne Oblast,2022,10,2022-03-07,UA-56,2,0
Rivne Oblast,2022,11,2022-03-14,UA-56,3,9
Rivne Oblast,2022,12,2022-03-21,UA-56,4,0
Rivne Oblast,2022,13,2022-03-28,UA-56,2,0
Rivne Oblast,2022,14,2022-04-04,UA-56,1,0
Rivne Oblast,2022,17,2022-04-25,UA-56,1,0
Rivne Oblast,2022,20,2022-05-16,UA-56,1,0
Rivne Oblast,2022,25,2022-06-20,UA-56,1,4
Rivne Oblast,2022,31,2022-08-01,UA-56,1,0
Rivne Oblast,2022,34,2022-08-22,UA-56,1,0
Rivne Oblast,2022,35,2022-08-29,UA-56,1,0
Rivne Oblast,2022,41,2022-10-10,UA-56,2,0
Rivne Oblast,2022,42,2022-10-17,UA-56,2,0
Rivne Oblast,2022,46,2022-11-14,UA-56,1,0
Rivne Oblast,2022,49,2022-12-05,UA-56,1,0
Rivne Oblast,2023,19,2023-05-08,UA-56,1,1
Rivne Oblast,2023,21,2023-05-22,UA-56,1,0
Rivne Oblast,2023,28,2023-07-10,UA-56,1,2
Rivne Oblast,2023,31,2023-07-31,UA-56,2,0
Rivne Oblast,2023,32,2023-08-07,UA-56,2,0
Rivne Oblast,2023,38,2023-09-18,UA-56,1,0
Rivne Oblast,2023,43,2023-10-23,UA-56,1,0
Rivne Oblast,2024,5,2024-01-29,UA-56,1,0
Rivne Oblast,2024,9,2024-02-26,UA-56,1,0
Rivne Oblast,2024,12,2024-03-18,UA-56,1,0
Rivne Oblast,2024,13,2024-03-25,UA-56,1,0
Rivne Oblast,2024,14,2024-04-01,UA-56,1,0
Rivne Oblast,2024,20,2024-05-13,UA-56,1,0
Rivne Oblast,2024,22,2024-05-27,UA-56,2,0
Rivne Oblast,2024,27,2024-07-01,UA-56,2,0
Rivne Oblast,2024,28,2024-07-08,UA-56,3,0
Rivne Oblast,2024,29,2024-07-15,UA-56,2,0
Rivne Oblast,2024,30,2024-07-22,UA-56,1,0
Rivne Oblast,2024,32,2024-08-05,UA-56,2,0
Rivne Oblast,2024,35,2024-08-26,UA-56,2,0
Rivne Oblast,2024,36,2024-09-02,UA-56,2,0
Rivne Oblast,2024,38,2024-09-16,UA-56,1,0
Rivne Oblast,2024,39,2024-09-23,UA-56,1,0
Rivne Oblast,2024,40,2024-09-30,UA-56,2,0
Rivne Oblast,2024,41,2024-10-07,UA-56,2,0
Rivne Oblast,2024,42,2024-10-14,UA-56,2,0
Rivne Oblast,2024,43,2024-10-21,UA-56,1,0
Rivne Oblast,2024,44,2024-10-28,UA-56,3,0
Rivne Oblast,2024,45,2024-11-04,UA-56,2,0
Rivne Oblast,2024,46,2024-11-11,UA-56,1,0
Rivne Oblast,2024,48,2024-11-25,UA-56,2,0
Rivne Oblast,2024,49,2024-12-02,UA-56,1,0
Rivne Oblast,2024,50,2024-12-09,UA-56,1,0
Rivne Oblast,2025,3,2025-01-13,UA-56,1,0
Rivne Oblast,2025,5,2025-01-27,UA-56,1,1
Rivne Oblast,2025,6,2025-02-03,UA-56,4,0
Rivne Oblast,2025,7,2025-02-10,UA-56,1,0
Rivne Oblast,2025,8,2025-02-17,UA-56,1,0
Rivne Oblast,2025,10,2025-03-03,UA-56,1,0
Rivne Oblast,2025,11,2025-03-10,UA-56,1,0
Rivne Oblast,2025,12,2025-03-17,UA-56,1,0
Rivne Oblast,2025,16,2025-04-14,UA-56,1,0
Rivne Oblast,2025,20,2025-05-12,UA-56,4,0
Rivne Oblast,2025,23,2025-06-02,UA-56,1,0
Rivne Oblast,2025,24,2025-06-09,UA-56,2,0
Rivne Oblast,2025,25,2025-06-16,UA-56,1,0
Rivne Oblast,2025,26,2025-06-23,UA-56,2,0
Rivne Oblast,2025,27,2025-06-30,UA-56,2,0
Rivne Oblast,2025,28,2025-07-07,UA-56,1,0
Sevastopol,2022,15,2022-04-11,UA-40,1,0
Sevastopol,2022,22,2022-05-30,UA-40,1,0
Sevastopol,2022,30,2022-07-25,UA-40,1,0
Sevastopol,2022,31,2022-08-01,UA-40,1,0
Sevastopol,2022,33,2022-08-15,UA-40,4,0
Sevastopol,2022,34,2022-08-22,UA-40,3,0
Sevastopol,2022,35,2022-08-29,UA-40,3,0
Sevastopol,2022,38,2022-09-19,UA-40,1,0
Sevastopol,2022,40,2022-10-03,UA-40,1,0
Sevastopol,2022,42,2022-10-17,UA-40,1,0
Sevastopol,2022,43,2022-10-24,UA-40,2,0
Sevastopol,2022,44,2022-10-31,UA-40,1,0
Sevastopol,2022,45,2022-11-07,UA-40,1,0
Sevastopol,2022,47,2022-11-21,UA-40,2,0
Sevastopol,2022,49,2022-12-05,UA-40,2,0
Sevastopol,2022,50,2022-12-12,UA-40,1,0
Sevastopol,2023,1,2023-01-02,UA-40,4,0
Sevastopol,2023,2,2023-01-09,UA-40,1,0
Sevastopol,2023,3,2023-01-16,UA-40,1,0
Sevastopol,2023,7,2023-02-13,UA-40,2,0
Sevastopol,2023,10,2023-03-06,UA-40,1,0
Sevastopol,2023,12,2023-03-20,UA-40,1,0
Sevastopol,2023,13,2023-03-27,UA-40,1,0
Sevastopol,2023,17,2023-04-24,UA-40,2,0
Sevastopol,2023,18,2023-05-01,UA-40,2,0
Sevastopol,2023,21,2023-05-22,UA-40,1,0
Sevastopol,2023,23,2023-06-05,UA-40,1,0
Sevastopol,2023,27,2023-07-03,UA-40,1,0
Sevastopol,2023,28,2023-07-10,UA-40,1,0
Sevastopol,2023,29,2023-07-17,UA-40,1,1
Sevastopol,2023,30,2023-07-24,UA-40,2,0
Sevastopol,2023,31,2023-07-31,UA-40,2,0
Sevastopol,2023,32,2023-08-07,UA-40,1,0
Sevastopol,2023,34,2023-08-21,UA-40,1,0
Sevastopol,2023,35,2023-08-28,UA-40,3,0
Sevastopol,2023,37,2023-09-11,UA-40,2,64
Sevastopol,2023,38,2023-09-18,UA-40,7,34
Sevastopol,2023,39,2023-09-25,UA-40,1,0
Sevastopol,2023,40,2023-10-02,UA-40,2,0
Sevastopol,2023,41,2023-10-09,UA-40,4,0
Sevastopol,2023,42,2023-10-16,UA-40,3,0
Sevastopol,2023,43,2023-10-23,UA-40,4,0
Sevastopol,2023,44,2023-10-30,UA-40,4,0
Sevastopol,2023,45,2023-11-06,UA-40,3,0
Sevastopol,2023,46,2023-11-13,UA-40,1,0
Sevastopol,2023,47,2023-11-20,UA-40,1,0
Sevastopol,2023,50,2023-12-11,UA-40,3,0
Sevastopol,2023,51,2023-12-18,UA-40,1,0
Sevastopol,2023,52,2023-12-25,UA-40,3,0
Sevastopol,2024,1,2024-01-01,UA-40,4,11
Sevastopol,2024,3,2024-01-15,UA-40,1,0
Sevastopol,2024,5,2024-01-29,UA-40,6,10
Sevastopol,2024,9,2024-02-26,UA-40,2,0
Sevastopol,2024,12,2024-03-18,UA-40,4,1
Sevastopol,2024,13,2024-03-25,UA-40,1,0
Sevastopol,2024,14,2024-04-01,UA-40,1,0
Sevastopol,2024,15,2024-04-08,UA-40,2,0
Sevastopol,2024,16,2024-04-15,UA-40,4,0
Sevastopol,2024,18,2024-04-29,UA-40,1,0
Sevastopol,2024,19,2024-05-06,UA-40,1,0
Sevastopol,2024,20,2024-05-13,UA-40,5,0
Sevastopol,2024,21,2024-05-20,UA-40,3,0
Sevastopol,2024,23,2024-06-03,UA-40,3,0
Sevastopol,2024,24,2024-06-10,UA-40,3,0
Sevastopol,2024,25,2024-06-17,UA-40,3,5
Sevastopol,2024,26,2024-06-24,UA-40,2,0
Sevastopol,2024,27,2024-07-01,UA-40,3,0
Sevastopol,2024,29,2024-07-15,UA-40,1,0
Sevastopol,2024,30,2024-07-22,UA-40,1,0
Sevastopol,2024,31,2024-07-29,UA-40,1,0
Sevastopol,2024,32,2024-08-05,UA-40,1,0
Sevastopol,2024,33,2024-08-12,UA-40,1,0
Sevastopol,2024,35,2024-08-26,UA-40,1,0
Sevastopol,2024,40,2024-09-30,UA-40,1,0
Sevastopol,2024,41,2024-10-07,UA-40,1,0
Sevastopol,2024,43,2024-10-21,UA-40,5,0
Sevastopol,2024,45,2024-11-04,UA-40,2,0
Sevastopol,2024,46,2024-11-11,UA-40,3,1
Sevastopol,2024,47,2024-11-18,UA-40,2,0
Sevastopol,2024,48,2024-11-25,UA-40,2,0
Sevastopol,2024,50,2024-12-09,UA-40,4,0
Sevastopol,2024,51,2024-12-16,UA-40,1,0
Sevastopol,2024,52,2024-12-23,UA-40,1,0
Sevastopol,2025,1,2024-12-30,UA-40,2,0
Sevastopol,2025,2,2025-01-06,UA-40,1,0
Sevastopol,2025,4,2025-01-20,UA-40,1,0
Sevastopol,2025,7,2025-02-10,UA-40,1,0
Sevastopol,2025,8,2025-02-17,UA-40,2,0
Sevastopol,2025,9,2025-02-24,UA-40,2,0
Sevastopol,2025,10,2025-03-03,UA-40,6,0
Sevastopol,2025,13,2025-03-24,UA-40,1,0
Sevastopol,2025,15,2025-04-07,UA-40,1,0
Sevastopol,2025,16,2025-04-14,UA-40,1,0
Sevastopol,2025,17,2025-04-21,UA-40,1,0
Sevastopol,2025,18,2025-04-28,UA-40,3,0
Sevastopol,2025,19,2025-05-05,UA-40,3,0
Sevastopol,2025,20,2025-05-12,UA-40,1,0
Sevastopol,2025,21,2025-05-19,UA-40,1,0
Sevastopol,2025,23,2025-06-02,UA-40,1,0
Sevastopol,2025,25,2025-06-16,UA-40,1,0
Sevastopol,2025,26,2025-06-23,UA-40,1,0
Sevastopol,2025,27,2025-06-30,UA-40,2,0
Sevastopol,2025,28,2025-07-07,UA-40,1,0
Sumy Oblast,2022,8,2022-02-21,UA-59,26,15
Sumy Oblast,2022,9,2022-02-28,UA-59,40,106
Sumy Oblast,2022,10,2022-03-07,UA-59,40,84
Sumy Oblast,2022,11,2022-03-14,UA-59,25,13
Sumy Oblast,2022,12,2022-03-21,UA-59,19,10
Sumy Oblast,2022,13,2022-03-28,UA-59,7,4
Sumy Oblast,2022,14,2022-04-04,UA-59,3,1
Sumy Oblast,2022,15,2022-04-11,UA-59,3,0
Sumy Oblast,2022,16,2022-04-18,UA-59,7,1
Sumy Oblast,2022,17,2022-04-25,UA-59,9,0
Sumy Oblast,2022,18,2022-05-02,UA-59,13,0
Sumy Oblast,2022,19,2022-05-09,UA-59,24,1
Sumy Oblast,2022,20,2022-05-16,UA-59,23,1
Sumy Oblast,2022,21,2022-05-23,UA-59,26,0
Sumy Oblast,2022,22,2022-05-30,UA-59,42,0
Sumy Oblast,2022,23,2022-06-06,UA-59,29,0
Sumy Oblast,2022,24,2022-06-13,UA-59,28,9
Sumy Oblast,2022,25,2022-06-20,UA-59,40,3
Sumy Oblast,2022,26,2022-06-27,UA-59,41,2
Sumy Oblast,2022,27,2022-07-04,UA-59,37,0
Sumy Oblast,2022,28,2022-07-11,UA-59,45,1
Sumy Oblast,2022,29,2022-07-18,UA-59,37,1
Sumy Oblast,2022,30,2022-07-25,UA-59,34,2
Sumy Oblast,2022,31,2022-08-01,UA-59,36,0
Sumy Oblast,2022,32,2022-08-08,UA-59,57,1
Sumy Oblast,2022,33,2022-08-15,UA-59,45,1
Sumy Oblast,2022,34,2022-08-22,UA-59,41,0
Sumy Oblast,2022,35,2022-08-29,UA-59,40,0
Sumy Oblast,2022,36,2022-09-05,UA-59,53,0
Sumy Oblast,2022,37,2022-09-12,UA-59,32,1
Sumy Oblast,2022,38,2022-09-19,UA-59,52,0
Sumy Oblast,2022,39,2022-09-26,UA-59,37,3
Sumy Oblast,2022,40,2022-10-03,UA-59,50,2
Sumy Oblast,2022,41,2022-10-10,UA-59,45,1
Sumy Oblast,2022,42,2022-10-17,UA-59,27,7
Sumy Oblast,2022,43,2022-10-24,UA-59,35,0
Sumy Oblast,2022,44,2022-10-31,UA-59,52,1
Sumy Oblast,2022,45,2022-11-07,UA-59,40,0
Sumy Oblast,2022,46,2022-11-14,UA-59,29,0
Sumy Oblast,2022,47,2022-11-21,UA-59,28,0
Sumy Oblast,2022,48,2022-11-28,UA-59,58,1
Sumy Oblast,2022,49,2022-12-05,UA-59,41,0
Sumy Oblast,2022,50,2022-12-12,UA-59,32,0
Sumy Oblast,2022,51,2022-12-19,UA-59,43,4
Sumy Oblast,2022,52,2022-12-26,UA-59,64,1
Sumy Oblast,2023,1,2023-01-02,UA-59,26,0
Sumy Oblast,2023,2,2023-01-09,UA-59,34,0
Sumy Oblast,2023,3,2023-01-16,UA-59,41,0
Sumy Oblast,2023,4,2023-01-23,UA-59,76,2
Sumy Oblast,2023,5,2023-01-30,UA-59,55,0
Sumy Oblast,2023,6,2023-02-06,UA-59,70,0
Sumy Oblast,2023,7,2023-02-13,UA-59,65,0
Sumy Oblast,2023,8,2023-02-20,UA-59,71,0
Sumy Oblast,2023,9,2023-02-27,UA-59,103,1
Sumy Oblast,2023,10,2023-03-06,UA-59,39,0
Sumy Oblast,2023,11,2023-03-13,UA-59,53,1
Sumy Oblast,2023,12,2023-03-20,UA-59,84,2
Sumy Oblast,2023,13,2023-03-27,UA-59,68,2
Sumy Oblast,2023,14,2023-04-03,UA-59,47,0
Sumy Oblast,2023,15,2023-04-10,UA-59,67,0
Sumy Oblast,2023,16,2023-04-17,UA-59,44,1
Sumy Oblast,2023,17,2023-04-24,UA-59,80,0
Sumy Oblast,2023,18,2023-05-01,UA-59,94,0
Sumy Oblast,2023,19,2023-05-08,UA-59,58,1
Sumy Oblast,2023,20,2023-05-15,UA-59,62,3
Sumy Oblast,2023,21,2023-05-22,UA-59,72,0
Sumy Oblast,2023,22,2023-05-29,UA-59,83,1
Sumy Oblast,2023,23,2023-06-05,UA-59,89,2
Sumy Oblast,2023,24,2023-06-12,UA-59,120,8
Sumy Oblast,2023,25,2023-06-19,UA-59,85,2
Sumy Oblast,2023,26,2023-06-26,UA-59,68,0
Sumy Oblast,2023,27,2023-07-03,UA-59,74,5
Sumy Oblast,2023,28,2023-07-10,UA-59,88,2
Sumy Oblast,2023,29,2023-07-17,UA-59,89,4
Sumy Oblast,2023,30,2023-07-24,UA-59,98,2
Sumy Oblast,2023,31,2023-07-31,UA-59,102,2
Sumy Oblast,2023,32,2023-08-07,UA-59,85,0
Sumy Oblast,2023,33,2023-08-14,UA-59,102,0
Sumy Oblast,2023,34,2023-08-21,UA-59,110,4
Sumy Oblast,2023,35,2023-08-28,UA-59,113,2
Sumy Oblast,2023,36,2023-09-04,UA-59,86,0
Sumy Oblast,2023,37,2023-09-11,UA-59,88,1
Sumy Oblast,2023,38,2023-09-18,UA-59,98,1
Sumy Oblast,2023,39,2023-09-25,UA-59,111,0
Sumy Oblast,2023,40,2023-10-02,UA-59,87,1
Sumy Oblast,2023,41,2023-10-09,UA-59,65,1
Sumy Oblast,2023,42,2023-10-16,UA-59,53,0
Sumy Oblast,2023,43,2023-10-23,UA-59,55,1
Sumy Oblast,2023,44,2023-10-30,UA-59,104,0
Sumy Oblast,2023,45,2023-11-06,UA-59,82,3
Sumy Oblast,2023,46,2023-11-13,UA-59,85,1
Sumy Oblast,2023,47,2023-11-20,UA-59,89,1
Sumy Oblast,2023,48,2023-11-27,UA-59,71,3
Sumy Oblast,2023,49,2023-12-04,UA-59,80,0
Sumy Oblast,2023,50,2023-12-11,UA-59,95,4
Sumy Oblast,2023,51,2023-12-18,UA-59,76,0
Sumy Oblast,2023,52,2023-12-25,UA-59,82,0
Sumy Oblast,2024,1,2024-01-01,UA-59,77,2
Sumy Oblast,2024,2,2024-01-08,UA-59,141,0
Sumy Oblast,2024,3,2024-01-15,UA-59,70,0
Sumy Oblast,2024,4,2024-01-22,UA-59,92,2
Sumy Oblast,2024,5,2024-01-29,UA-59,109,4
Sumy Oblast,2024,6,2024-02-05,UA-59,128,7
Sumy Oblast,2024,7,2024-02-12,UA-59,82,2
Sumy Oblast,2024,8,2024-02-19,UA-59,96,10
Sumy Oblast,2024,9,2024-02-26,UA-59,158,5
Sumy Oblast,2024,10,2024-03-04,UA-59,221,1
Sumy Oblast,2024,11,2024-03-11,UA-59,275,15
Sumy Oblast,2024,12,2024-03-18,UA-59,206,11
Sumy Oblast,2024,13,2024-03-25,UA-59,202,0
Sumy Oblast,2024,14,2024-04-01,UA-59,156,1
Sumy Oblast,2024,15,2024-04-08,UA-59,178,6
Sumy Oblast,2024,16,2024-04-15,UA-59,129,0
Sumy Oblast,2024,17,2024-04-22,UA-59,161,2
Sumy Oblast,2024,18,2024-04-29,UA-59,209,0
Sumy Oblast,2024,19,2024-05-06,UA-59,209,5
Sumy Oblast,2024,20,2024-05-13,UA-59,229,5
Sumy Oblast,2024,21,2024-05-20,UA-59,204,0
Sumy Oblast,2024,22,2024-05-27,UA-59,153,3
Sumy Oblast,2024,23,2024-06-03,UA-59,163,1
Sumy Oblast,2024,24,2024-06-10,UA-59,130,1
Sumy Oblast,2024,25,2024-06-17,UA-59,150,0
Sumy Oblast,2024,26,2024-06-24,UA-59,160,0
Sumy Oblast,2024,27,2024-07-01,UA-59,169,15
Sumy Oblast,2024,28,2024-07-08,UA-59,170,11
Sumy Oblast,2024,29,2024-07-15,UA-59,158,3
Sumy Oblast,2024,30,2024-07-22,UA-59,172,6
Sumy Oblast,2024,31,2024-07-29,UA-59,138,7
Sumy Oblast,2024,32,2024-08-05,UA-59,255,21
Sumy Oblast,2024,33,2024-08-12,UA-59,306,24
Sumy Oblast,2024,34,2024-08-19,UA-59,358,27
Sumy Oblast,2024,35,2024-08-26,UA-59,322,14
Sumy Oblast,2024,36,2024-09-02,UA-59,307,16
Sumy Oblast,2024,37,2024-09-09,UA-59,305,37
Sumy Oblast,2024,38,2024-09-16,UA-59,309,37
Sumy Oblast,2024,39,2024-09-23,UA-59,354,47
Sumy Oblast,2024,40,2024-09-30,UA-59,313,33
Sumy Oblast,2024,41,2024-10-07,UA-59,278,36
Sumy Oblast,2024,42,2024-10-14,UA-59,244,32
Sumy Oblast,2024,43,2024-10-21,UA-59,269,43
Sumy Oblast,2024,44,2024-10-28,UA-59,248,51
Sumy Oblast,2024,45,2024-11-04,UA-59,245,58
Sumy Oblast,2024,46,2024-11-11,UA-59,226,43
Sumy Oblast,2024,47,2024-11-18,UA-59,184,30
Sumy Oblast,2024,48,2024-11-25,UA-59,171,42
Sumy Oblast,2024,49,2024-12-02,UA-59,133,30
Sumy Oblast,2024,50,2024-12-09,UA-59,147,32
Sumy Oblast,2024,51,2024-12-16,UA-59,151,20
Sumy Oblast,2024,52,2024-12-23,UA-59,140,22
Sumy Oblast,2025,1,2024-12-30,UA-59,178,10
Sumy Oblast,2025,2,2025-01-06,UA-59,188,10
Sumy Oblast,2025,3,2025-01-13,UA-59,215,12
Sumy Oblast,2025,4,2025-01-20,UA-59,230,10
Sumy Oblast,2025,5,2025-01-27,UA-59,210,24
Sumy Oblast,2025,6,2025-02-03,UA-59,243,31
Sumy Oblast,2025,7,2025-02-10,UA-59,215,25
Sumy Oblast,2025,8,2025-02-17,UA-59,282,10
Sumy Oblast,2025,9,2025-02-24,UA-59,248,13
Sumy Oblast,2025,10,2025-03-03,UA-59,233,11
Sumy Oblast,2025,11,2025-03-10,UA-59,242,3
Sumy Oblast,2025,12,2025-03-17,UA-59,307,68
Sumy Oblast,2025,13,2025-03-24,UA-59,326,59
Sumy Oblast,2025,14,2025-03-31,UA-59,284,79
Sumy Oblast,2025,15,2025-04-07,UA-59,292,91
Sumy Oblast,2025,16,2025-04-14,UA-59,297,58
Sumy Oblast,2025,17,2025-04-21,UA-59,333,63
Sumy Oblast,2025,18,2025-04-28,UA-59,290,53
Sumy Oblast,2025,19,2025-05-05,UA-59,310,66
Sumy Oblast,2025,20,2025-05-12,UA-59,328,58
Sumy Oblast,2025,21,2025-05-19,UA-59,342,65
Sumy Oblast,2025,22,2025-05-26,UA-59,366,49
Sumy Oblast,2025,23,2025-06-02,UA-59,373,69
Sumy Oblast,2025,24,2025-06-09,UA-59,300,50
Sumy Oblast,2025,25,2025-06-16,UA-59,307,47
Sumy Oblast,2025,26,2025-06-23,UA-59,285,22
Sumy Oblast,2025,27,2025-06-30,UA-59,270,26
Sumy Oblast,2025,28,2025-07-07,UA-59,97,3
Ternopil Oblast,2022,13,2022-03-28,UA-61,1,0
Ternopil Oblast,2022,14,2022-04-04,UA-61,1,0
Ternopil Oblast,2022,23,2022-06-06,UA-61,1,0
Ternopil Oblast,2022,24,2022-06-13,UA-61,1,0
Ternopil Oblast,2022,34,2022-08-22,UA-61,1,0
Ternopil Oblast,2022,41,2022-10-10,UA-61,2,0
Ternopil Oblast,2022,42,2022-10-17,UA-61,1,0
Ternopil Oblast,2022,46,2022-11-14,UA-61,1,0
Ternopil Oblast,2023,10,2023-03-06,UA-61,1,0
Ternopil Oblast,2023,14,2023-04-03,UA-61,1,0
Ternopil Oblast,2023,19,2023-05-08,UA-61,3,0
Ternopil Oblast,2023,30,2023-07-24,UA-61,1,0
Ternopil Oblast,2023,37,2023-09-11,UA-61,1,0
Ternopil Oblast,2023,45,2023-11-06,UA-61,1,0
Ternopil Oblast,2023,51,2023-12-18,UA-61,1,0
Ternopil Oblast,2024,4,2024-01-22,UA-61,1,0
Ternopil Oblast,2024,9,2024-02-26,UA-61,1,0
Ternopil Oblast,2024,11,2024-03-11,UA-61,1,0
Ternopil Oblast,2024,12,2024-03-18,UA-61,2,0
Ternopil Oblast,2024,15,2024-04-08,UA-61,1,0
Ternopil Oblast,2024,17,2024-04-22,UA-61,1,0
Ternopil Oblast,2024,20,2024-05-13,UA-61,1,0
Ternopil Oblast,2024,27,2024-07-01,UA-61,1,0
Ternopil Oblast,2024,31,2024-07-29,UA-61,1,0
Ternopil Oblast,2024,34,2024-08-19,UA-61,2,0
Ternopil Oblast,2024,35,2024-08-26,UA-61,1,0
Ternopil Oblast,2024,38,2024-09-16,UA-61,2,0
Ternopil Oblast,2024,40,2024-09-30,UA-61,1,0
Ternopil Oblast,2024,41,2024-10-07,UA-61,1,0
Ternopil Oblast,2024,42,2024-10-14,UA-61,2,0
Ternopil Oblast,2024,44,2024-10-28,UA-61,1,0
Ternopil Oblast,2024,46,2024-11-11,UA-61,2,0
Ternopil Oblast,2024,48,2024-11-25,UA-61,2,0
Ternopil Oblast,2024,49,2024-12-02,UA-61,2,1
Ternopil Oblast,2024,50,2024-12-09,UA-61,4,0
Ternopil Oblast,2024,51,2024-12-16,UA-61,1,0
Ternopil Oblast,2025,10,2025-03-03,UA-61,2,0
Ternopil Oblast,2025,11,2025-03-10,UA-61,2,0
Ternopil Oblast,2025,12,2025-03-17,UA-61,1,0
Ternopil Oblast,2025,13,2025-03-24,UA-61,1,0
Ternopil Oblast,2025,17,2025-04-21,UA-61,1,0
Ternopil Oblast,2025,20,2025-05-12,UA-61,3,0
Ternopil Oblast,2025,21,2025-05-19,UA-61,1,0
Ternopil Oblast,2025,23,2025-06-02,UA-61,2,0
Ternopil Oblast,2025,24,2025-06-09,UA-61,1,0
Ternopil Oblast,2025,25,2025-06-16,UA-61,1,0
Ternopil Oblast,2025,26,2025-06-23,UA-61,4,0
Vinnytsia Oblast,2022,8,2022-02-21,UA-05,5,2
Vinnytsia Oblast,2022,9,2022-02-28,UA-05,3,9
Vinnytsia Oblast,2022,11,2022-03-14,UA-05,3,0
Vinnytsia Oblast,2022,12,2022-03-21,UA-05,2,0
Vinnytsia Oblast,2022,13,2022-03-28,UA-05,1,0
Vinnytsia Oblast,2022,14,2022-04-04,UA-05,2,0
Vinnytsia Oblast,2022,17,2022-04-25,UA-05,2,5
Vinnytsia Oblast,2022,19,2022-05-09,UA-05,1,0
Vinnytsia Oblast,2022,20,2022-05-16,UA-05,1,0
Vinnytsia Oblast,2022,28,2022-07-11,UA-05,1,26
Vinnytsia Oblast,2022,31,2022-08-01,UA-05,2,0
Vinnytsia Oblast,2022,34,2022-08-22,UA-05,1,0
Vinnytsia Oblast,2022,39,2022-09-26,UA-05,1,0
Vinnytsia Oblast,2022,41,2022-10-10,UA-05,6,0
Vinnytsia Oblast,2022,42,2022-10-17,UA-05,3,0
Vinnytsia Oblast,2022,43,2022-10-24,UA-05,1,0
Vinnytsia Oblast,2022,44,2022-10-31,UA-05,3,1
Vinnytsia Oblast,2022,45,2022-11-07,UA-05,1,0
Vinnytsia Oblast,2022,46,2022-11-14,UA-05,1,0
Vinnytsia Oblast,2022,47,2022-11-21,UA-05,1,0
Vinnytsia Oblast,2022,49,2022-12-05,UA-05,1,0
Vinnytsia Oblast,2022,51,2022-12-19,UA-05,1,0
Vinnytsia Oblast,2023,2,2023-01-09,UA-05,1,0
Vinnytsia Oblast,2023,4,2023-01-23,UA-05,1,0
Vinnytsia Oblast,2023,6,2023-02-06,UA-05,1,0
Vinnytsia Oblast,2023,10,2023-03-06,UA-05,1,0
Vinnytsia Oblast,2023,16,2023-04-17,UA-05,1,0
Vinnytsia Oblast,2023,20,2023-05-15,UA-05,1,0
Vinnytsia Oblast,2023,25,2023-06-19,UA-05,1,0
Vinnytsia Oblast,2023,30,2023-07-24,UA-05,1,0
Vinnytsia Oblast,2023,31,2023-07-31,UA-05,1,0
Vinnytsia Oblast,2023,35,2023-08-28,UA-05,1,0
Vinnytsia Oblast,2023,37,2023-09-11,UA-05,1,0
Vinnytsia Oblast,2023,39,2023-09-25,UA-05,2,0
Vinnytsia Oblast,2023,43,2023-10-23,UA-05,2,0
Vinnytsia Oblast,2023,44,2023-10-30,UA-05,2,0
Vinnytsia Oblast,2023,46,2023-11-13,UA-05,1,0
Vinnytsia Oblast,2023,47,2023-11-20,UA-05,2,0
Vinnytsia Oblast,2023,49,2023-12-04,UA-05,2,0
Vinnytsia Oblast,2023,50,2023-12-11,UA-05,2,0
Vinnytsia Oblast,2023,51,2023-12-18,UA-05,4,0
Vinnytsia Oblast,2023,52,2023-12-25,UA-05,1,0
Vinnytsia Oblast,2024,1,2024-01-01,UA-05,3,0
Vinnytsia Oblast,2024,2,2024-01-08,UA-05,1,0
Vinnytsia Oblast,2024,6,2024-02-05,UA-05,4,1
Vinnytsia Oblast,2024,7,2024-02-12,UA-05,1,0
Vinnytsia Oblast,2024,9,2024-02-26,UA-05,1,0
Vinnytsia Oblast,2024,10,2024-03-04,UA-05,2,0
Vinnytsia Oblast,2024,11,2024-03-11,UA-05,4,4
Vinnytsia Oblast,2024,12,2024-03-18,UA-05,4,0
Vinnytsia Oblast,2024,13,2024-03-25,UA-05,1,0
Vinnytsia Oblast,2024,17,2024-04-22,UA-05,1,0
Vinnytsia Oblast,2024,19,2024-05-06,UA-05,1,0
Vinnytsia Oblast,2024,20,2024-05-13,UA-05,4,0
Vinnytsia Oblast,2024,21,2024-05-20,UA-05,2,0
Vinnytsia Oblast,2024,22,2024-05-27,UA-05,3,0
Vinnytsia Oblast,2024,23,2024-06-03,UA-05,1,0
Vinnytsia Oblast,2024,24,2024-06-10,UA-05,1,0
Vinnytsia Oblast,2024,25,2024-06-17,UA-05,1,0
Vinnytsia Oblast,2024,26,2024-06-24,UA-05,1,0
Vinnytsia Oblast,2024,27,2024-07-01,UA-05,1,0
Vinnytsia Oblast,2024,28,2024-07-08,UA-05,2,0
Vinnytsia Oblast,2024,29,2024-07-15,UA-05,3,0
Vinnytsia Oblast,2024,31,2024-07-29,UA-05,3,0
Vinnytsia Oblast,2024,32,2024-08-05,UA-05,3,0
Vinnytsia Oblast,2024,33,2024-08-12,UA-05,1,0
Vinnytsia Oblast,2024,34,2024-08-19,UA-05,2,0
Vinnytsia Oblast,2024,35,2024-08-26,UA-05,3,0
Vinnytsia Oblast,2024,36,2024-09-02,UA-05,3,0
Vinnytsia Oblast,2024,37,2024-09-09,UA-05,2,0
Vinnytsia Oblast,2024,38,2024-09-16,UA-05,3,0
Vinnytsia Oblast,2024,39,2024-09-23,UA-05,2,0
Vinnytsia Oblast,2024,40,2024-09-30,UA-05,3,0
Vinnytsia Oblast,2024,41,2024-10-07,UA-05,2,0
Vinnytsia Oblast,2024,42,2024-10-14,UA-05,2,0
Vinnytsia Oblast,2024,43,2024-10-21,UA-05,3,0
Vinnytsia Oblast,2024,44,2024-10-28,UA-05,2,0
Vinnytsia Oblast,2024,45,2024-11-04,UA-05,2,0
Vinnytsia Oblast,2024,46,2024-11-11,UA-05,2,0
Vinnytsia Oblast,2024,47,2024-11-18,UA-05,1,0
Vinnytsia Oblast,2024,48,2024-11-25,UA-05,2,0
Vinnytsia Oblast,2024,49,2024-12-02,UA-05,5,0
Vinnytsia Oblast,2024,50,2024-12-09,UA-05,2,0
Vinnytsia Oblast,2025,1,2024-12-30,UA-05,2,3
Vinnytsia Oblast,2025,2,2025-01-06,UA-05,2,0
Vinnytsia Oblast,2025,3,2025-01-13,UA-05,1,0
Vinnytsia Oblast,2025,4,2025-01-20,UA-05,2,0
Vinnytsia Oblast,2025,5,2025-01-27,UA-05,1,0
Vinnytsia Oblast,2025,6,2025-02-03,UA-05,3,0
Vinnytsia Oblast,2025,8,2025-02-17,UA-05,2,0
Vinnytsia Oblast,2025,9,2025-02-24,UA-05,3,0
Vinnytsia Oblast,2025,11,2025-03-10,UA-05,5,0
Vinnytsia Oblast,2025,12,2025-03-17,UA-05,2,0
Vinnytsia Oblast,2025,14,2025-03-31,UA-05,1,0
Vinnytsia Oblast,2025,16,2025-04-14,UA-05,1,0
Vinnytsia Oblast,2025,20,2025-05-12,UA-05,1,0
Vinnytsia Oblast,2025,23,2025-06-02,UA-05,1,0
Vinnytsia Oblast,2025,28,2025-07-07,UA-05,1,0
Volyn Oblast,2022,8,2022-02-21,UA-07,2,0
Volyn Oblast,2022,10,2022-03-07,UA-07,2,4
Volyn Oblast,2022,12,2022-03-21,UA-07,3,0
Volyn Oblast,2022,13,2022-03-28,UA-07,1,0
Volyn Oblast,2022,14,2022-04-04,UA-07,1,0
Volyn Oblast,2022,30,2022-07-25,UA-07,1,1
Volyn Oblast,2022,32,2022-08-08,UA-07,1,0
Volyn Oblast,2022,42,2022-10-17,UA-07,2,0
Volyn Oblast,2022,46,2022-11-14,UA-07,1,0
Volyn Oblast,2023,8,2023-02-20,UA-07,1,1
Volyn Oblast,2023,27,2023-07-03,UA-07,1,0
Volyn Oblast,2023,31,2023-07-31,UA-07,1,0
Volyn Oblast,2023,33,2023-08-14,UA-07,1,2
Volyn Oblast,2023,40,2023-10-02,UA-07,1,0
Volyn Oblast,2023,47,2023-11-20,UA-07,2,0
Volyn Oblast,2023,49,2023-12-04,UA-07,1,0
Volyn Oblast,2023,50,2023-12-11,UA-07,1,0
Volyn Oblast,2023,52,2023-12-25,UA-07,1,0
Volyn Oblast,2024,4,2024-01-22,UA-07,1,0
Volyn Oblast,2024,5,2024-01-29,UA-07,1,0
Volyn Oblast,2024,7,2024-02-12,UA-07,1,0
Volyn Oblast,2024,10,2024-03-04,UA-07,1,0
Volyn Oblast,2024,11,2024-03-11,UA-07,1,3
Volyn Oblast,2024,12,2024-03-18,UA-07,3,0
Volyn Oblast,2024,20,2024-05-13,UA-07,1,0
Volyn Oblast,2024,21,2024-05-20,UA-07,1,0
Volyn Oblast,2024,24,2024-06-10,UA-07,1,0
Volyn Oblast,2024,25,2024-06-17,UA-07,1,0
Volyn Oblast,2024,26,2024-06-24,UA-07,1,0
Volyn Oblast,2024,28,2024-07-08,UA-07,1,0
Volyn Oblast,2024,29,2024-07-15,UA-07,1,0
Volyn Oblast,2024,35,2024-08-26,UA-07,2,1
Volyn Oblast,2024,36,2024-09-02,UA-07,1,0
Volyn Oblast,2024,42,2024-10-14,UA-07,1,0
Volyn Oblast,2024,45,2024-11-04,UA-07,1,0
Volyn Oblast,2024,46,2024-11-11,UA-07,2,0
Volyn Oblast,2024,48,2024-11-25,UA-07,1,0
Volyn Oblast,2024,52,2024-12-23,UA-07,1,0
Volyn Oblast,2025,1,2024-12-30,UA-07,1,0
Volyn Oblast,2025,3,2025-01-13,UA-07,1,0
Volyn Oblast,2025,6,2025-02-03,UA-07,2,0
Volyn Oblast,2025,7,2025-02-10,UA-07,1,0
Volyn Oblast,2025,8,2025-02-17,UA-07,2,0
Volyn Oblast,2025,10,2025-03-03,UA-07,1,0
Volyn Oblast,2025,11,2025-03-10,UA-07,2,0
Volyn Oblast,2025,13,2025-03-24,UA-07,1,0
Volyn Oblast,2025,14,2025-03-31,UA-07,1,0
Volyn Oblast,2025,20,2025-05-12,UA-07,1,0
Volyn Oblast,2025,21,2025-05-19,UA-07,1,0
Volyn Oblast,2025,23,2025-06-02,UA-07,1,2
Volyn Oblast,2025,25,2025-06-16,UA-07,1,0
Volyn Oblast,2025,26,2025-06-23,UA-07,1,0
Zakarpattia Oblast,2022,12,2022-03-21,UA-21,1,0
Zakarpattia Oblast,2022,18,2022-05-02,UA-21,1,0
Zakarpattia Oblast,2022,31,2022-08-01,UA-21,1,0
Zakarpattia Oblast,2022,34,2022-08-22,UA-21,1,0
Zakarpattia Oblast,2023,50,2023-12-11,UA-21,1,2
Zakarpattia Oblast,2024,4,2024-01-22,UA-21,1,0
Zakarpattia Oblast,2024,13,2024-03-25,UA-21,2,0
Zakarpattia Oblast,2024,20,2024-05-13,UA-21,1,0
Zakarpattia Oblast,2024,42,2024-10-14,UA-21,1,0
Zakarpattia Oblast,2024,43,2024-10-21,UA-21,1,0
Zakarpattia Oblast,2024,46,2024-11-11,UA-21,2,0
Zakarpattia Oblast,2024,50,2024-12-09,UA-21,3,0
Zakarpattia Oblast,2025,3,2025-01-13,UA-21,1,0
Zakarpattia Oblast,2025,5,2025-01-27,UA-21,2,0
Zakarpattia Oblast,2025,11,2025-03-10,UA-21,2,0
Zakarpattia Oblast,2025,13,2025-03-24,UA-21,2,0
Zakarpattia Oblast,2025,19,2025-05-05,UA-21,1,0
Zaporizhia Oblast,2022,8,2022-02-21,UA-23,17,17
Zaporizhia Oblast,2022,9,2022-02-28,UA-23,71,20
Zaporizhia Oblast,2022,10,2022-03-07,UA-23,40,6
Zaporizhia Oblast,2022,11,2022-03-14,UA-23,44,96
Zaporizhia Oblast,2022,12,2022-03-21,UA-23,33,70
Zaporizhia Oblast,2022,13,2022-03-28,UA-23,47,112
Zaporizhia Oblast,2022,14,2022-04-04,UA-23,56,54
Zaporizhia Oblast,2022,15,2022-04-11,UA-23,57,93
Zaporizhia Oblast,2022,16,2022-04-18,UA-23,41,36
Zaporizhia Oblast,2022,17,2022-04-25,UA-23,65,17
Zaporizhia Oblast,2022,18,2022-05-02,UA-23,41,42
Zaporizhia Oblast,2022,19,2022-05-09,UA-23,42,6
Zaporizhia Oblast,2022,20,2022-05-16,UA-23,40,14
Zaporizhia Oblast,2022,21,2022-05-23,UA-23,48,49
Zaporizhia Oblast,2022,22,2022-05-30,UA-23,32,36
Zaporizhia Oblast,2022,23,2022-06-06,UA-23,49,20
Zaporizhia Oblast,2022,24,2022-06-13,UA-23,25,13
Zaporizhia Oblast,2022,25,2022-06-20,UA-23,38,0
Zaporizhia Oblast,2022,26,2022-06-27,UA-23,52,7
Zaporizhia Oblast,2022,27,2022-07-04,UA-23,29,1
Zaporizhia Oblast,2022,28,2022-07-11,UA-23,74,42
Zaporizhia Oblast,2022,29,2022-07-18,UA-23,93,20
Zaporizhia Oblast,2022,30,2022-07-25,UA-23,62,3
Zaporizhia Oblast,2022,31,2022-08-01,UA-23,104,0
Zaporizhia Oblast,2022,32,2022-08-08,UA-23,92,112
Zaporizhia Oblast,2022,33,2022-08-15,UA-23,116,23
Zaporizhia Oblast,2022,34,2022-08-22,UA-23,123,172
Zaporizhia Oblast,2022,35,2022-08-29,UA-23,156,26
Zaporizhia Oblast,2022,36,2022-09-05,UA-23,108,27
Zaporizhia Oblast,2022,37,2022-09-12,UA-23,161,37
Zaporizhia Oblast,2022,38,2022-09-19,UA-23,133,72
Zaporizhia Oblast,2022,39,2022-09-26,UA-23,98,202
Zaporizhia Oblast,2022,40,2022-10-03,UA-23,95,138
Zaporizhia Oblast,2022,41,2022-10-10,UA-23,130,178
Zaporizhia Oblast,2022,42,2022-10-17,UA-23,94,88
Zaporizhia Oblast,2022,43,2022-10-24,UA-23,109,6
Zaporizhia Oblast,2022,44,2022-10-31,UA-23,136,151
Zaporizhia Oblast,2022,45,2022-11-07,UA-23,140,163
Zaporizhia Oblast,2022,46,2022-11-14,UA-23,136,102
Zaporizhia Oblast,2022,47,2022-11-21,UA-23,135,581
Zaporizhia Oblast,2022,48,2022-11-28,UA-23,119,133
Zaporizhia Oblast,2022,49,2022-12-05,UA-23,130,205
Zaporizhia Oblast,2022,50,2022-12-12,UA-23,95,17
Zaporizhia Oblast,2022,51,2022-12-19,UA-23,116,81
Zaporizhia Oblast,2022,52,2022-12-26,UA-23,136,190
Zaporizhia Oblast,2023,1,2023-01-02,UA-23,149,52
Zaporizhia Oblast,2023,2,2023-01-09,UA-23,149,10
Zaporizhia Oblast,2023,3,2023-01-16,UA-23,149,55
Zaporizhia Oblast,2023,4,2023-01-23,UA-23,158,34
Zaporizhia Oblast,2023,5,2023-01-30,UA-23,117,22
Zaporizhia Oblast,2023,6,2023-02-06,UA-23,138,2
Zaporizhia Oblast,2023,7,2023-02-13,UA-23,120,12
Zaporizhia Oblast,2023,8,2023-02-20,UA-23,113,10
Zaporizhia Oblast,2023,9,2023-02-27,UA-23,108,131
Zaporizhia Oblast,2023,10,2023-03-06,UA-23,132,27
Zaporizhia Oblast,2023,11,2023-03-13,UA-23,133,35
Zaporizhia Oblast,2023,12,2023-03-20,UA-23,137,34
Zaporizhia Oblast,2023,13,2023-03-27,UA-23,115,11
Zaporizhia Oblast,2023,14,2023-04-03,UA-23,127,32
Zaporizhia Oblast,2023,15,2023-04-10,UA-23,125,24
Zaporizhia Oblast,2023,16,2023-04-17,UA-23,120,51
Zaporizhia Oblast,2023,17,2023-04-24,UA-23,136,23
Zaporizhia Oblast,2023,18,2023-05-01,UA-23,131,38
Zaporizhia Oblast,2023,19,2023-05-08,UA-23,149,28
Zaporizhia Oblast,2023,20,2023-05-15,UA-23,132,66
Zaporizhia Oblast,2023,21,2023-05-22,UA-23,136,53
Zaporizhia Oblast,2023,22,2023-05-29,UA-23,142,41
Zaporizhia Oblast,2023,23,2023-06-05,UA-23,221,442
Zaporizhia Oblast,2023,24,2023-06-12,UA-23,172,182
Zaporizhia Oblast,2023,25,2023-06-19,UA-23,193,398
Zaporizhia Oblast,2023,26,2023-06-26,UA-23,161,108
Zaporizhia Oblast,2023,27,2023-07-03,UA-23,165,105
Zaporizhia Oblast,2023,28,2023-07-10,UA-23,155,410
Zaporizhia Oblast,2023,29,2023-07-17,UA-23,206,78
Zaporizhia Oblast,2023,30,2023-07-24,UA-23,184,66
Zaporizhia Oblast,2023,31,2023-07-31,UA-23,195,61
Zaporizhia Oblast,2023,32,2023-08-07,UA-23,200,84
Zaporizhia Oblast,2023,33,2023-08-14,UA-23,224,213
Zaporizhia Oblast,2023,34,2023-08-21,UA-23,232,190
Zaporizhia Oblast,2023,35,2023-08-28,UA-23,220,127
Zaporizhia Oblast,2023,36,2023-09-04,UA-23,225,72
Zaporizhia Oblast,2023,37,2023-09-11,UA-23,208,99
Zaporizhia Oblast,2023,38,2023-09-18,UA-23,189,135
Zaporizhia Oblast,2023,39,2023-09-25,UA-23,172,86
Zaporizhia Oblast,2023,40,2023-10-02,UA-23,171,86
Zaporizhia Oblast,2023,41,2023-10-09,UA-23,197,56
Zaporizhia Oblast,2023,42,2023-10-16,UA-23,191,396
Zaporizhia Oblast,2023,43,2023-10-23,UA-23,172,66
Zaporizhia Oblast,2023,44,2023-10-30,UA-23,159,92
Zaporizhia Oblast,2023,45,2023-11-06,UA-23,160,64
Zaporizhia Oblast,2023,46,2023-11-13,UA-23,173,661
Zaporizhia Oblast,2023,47,2023-11-20,UA-23,140,85
Zaporizhia Oblast,2023,48,2023-11-27,UA-23,158,77
Zaporizhia Oblast,2023,49,2023-12-04,UA-23,155,66
Zaporizhia Oblast,2023,50,2023-12-11,UA-23,149,64
Zaporizhia Oblast,2023,51,2023-12-18,UA-23,146,70
Zaporizhia Oblast,2023,52,2023-12-25,UA-23,147,84
Zaporizhia Oblast,2024,1,2024-01-01,UA-23,129,77
Zaporizhia Oblast,2024,2,2024-01-08,UA-23,137,70
Zaporizhia Oblast,2024,3,2024-01-15,UA-23,128,69
Zaporizhia Oblast,2024,4,2024-01-22,UA-23,139,80
Zaporizhia Oblast,2024,5,2024-01-29,UA-23,164,74
Zaporizhia Oblast,2024,6,2024-02-05,UA-23,160,52
Zaporizhia Oblast,2024,7,2024-02-12,UA-23,149,45
Zaporizhia Oblast,2024,8,2024-02-19,UA-23,138,88
Zaporizhia Oblast,2024,9,2024-02-26,UA-23,119,68
Zaporizhia Oblast,2024,10,2024-03-04,UA-23,120,56
Zaporizhia Oblast,2024,11,2024-03-11,UA-23,92,43
Zaporizhia Oblast,2024,12,2024-03-18,UA-23,117,49
Zaporizhia Oblast,2024,13,2024-03-25,UA-23,105,47
Zaporizhia Oblast,2024,14,2024-04-01,UA-23,105,49
Zaporizhia Oblast,2024,15,2024-04-08,UA-23,99,53
Zaporizhia Oblast,2024,16,2024-04-15,UA-23,82,34
Zaporizhia Oblast,2024,17,2024-04-22,UA-23,73,45
Zaporizhia Oblast,2024,18,2024-04-29,UA-23,65,28
Zaporizhia Oblast,2024,19,2024-05-06,UA-23,67,36
Zaporizhia Oblast,2024,20,2024-05-13,UA-23,40,30
Zaporizhia Oblast,2024,21,2024-05-20,UA-23,49,36
Zaporizhia Oblast,2024,22,2024-05-27,UA-23,56,13
Zaporizhia Oblast,2024,23,2024-06-03,UA-23,64,26
Zaporizhia Oblast,2024,24,2024-06-10,UA-23,72,89
Zaporizhia Oblast,2024,25,2024-06-17,UA-23,73,41
Zaporizhia Oblast,2024,26,2024-06-24,UA-23,52,36
Zaporizhia Oblast,2024,27,2024-07-01,UA-23,68,47
Zaporizhia Oblast,2024,28,2024-07-08,UA-23,69,34
Zaporizhia Oblast,2024,29,2024-07-15,UA-23,77,44
Zaporizhia Oblast,2024,30,2024-07-22,UA-23,71,33
Zaporizhia Oblast,2024,31,2024-07-29,UA-23,90,41
Zaporizhia Oblast,2024,32,2024-08-05,UA-23,83,54
Zaporizhia Oblast,2024,33,2024-08-12,UA-23,65,51
Zaporizhia Oblast,2024,34,2024-08-19,UA-23,81,40
Zaporizhia Oblast,2024,35,2024-08-26,UA-23,63,35
Zaporizhia Oblast,2024,36,2024-09-02,UA-23,70,30
Zaporizhia Oblast,2024,37,2024-09-09,UA-23,75,45
Zaporizhia Oblast,2024,38,2024-09-16,UA-23,90,45
Zaporizhia Oblast,2024,39,2024-09-23,UA-23,80,33
Zaporizhia Oblast,2024,40,2024-09-30,UA-23,99,42
Zaporizhia Oblast,2024,41,2024-10-07,UA-23,91,45
Zaporizhia Oblast,2024,42,2024-10-14,UA-23,88,33
Zaporizhia Oblast,2024,43,2024-10-21,UA-23,88,42
Zaporizhia Oblast,2024,44,2024-10-28,UA-23,93,32
Zaporizhia Oblast,2024,45,2024-11-04,UA-23,83,55
Zaporizhia Oblast,2024,46,2024-11-11,UA-23,115,63
Zaporizhia Oblast,2024,47,2024-11-18,UA-23,97,62
Zaporizhia Oblast,2024,48,2024-11-25,UA-23,89,44
Zaporizhia Oblast,2024,49,2024-12-02,UA-23,73,36
Zaporizhia Oblast,2024,50,2024-12-09,UA-23,75,40
Zaporizhia Oblast,2024,51,2024-12-16,UA-23,92,49
Zaporizhia Oblast,2024,52,2024-12-23,UA-23,74,25
Zaporizhia Oblast,2025,1,2024-12-30,UA-23,79,29
Zaporizhia Oblast,2025,2,2025-01-06,UA-23,70,62
Zaporizhia Oblast,2025,3,2025-01-13,UA-23,98,33
Zaporizhia Oblast,2025,4,2025-01-20,UA-23,95,18
Zaporizhia Oblast,2025,5,2025-01-27,UA-23,95,39
Zaporizhia Oblast,2025,6,2025-02-03,UA-23,91,43
Zaporizhia Oblast,2025,7,2025-02-10,UA-23,102,38
Zaporizhia Oblast,2025,8,2025-02-17,UA-23,103,48
Zaporizhia Oblast,2025,9,2025-02-24,UA-23,123,44
Zaporizhia Oblast,2025,10,2025-03-03,UA-23,119,34
Zaporizhia Oblast,2025,11,2025-03-10,UA-23,128,24
Zaporizhia Oblast,2025,12,2025-03-17,UA-23,133,47
Zaporizhia Oblast,2025,13,2025-03-24,UA-23,128,38
Zaporizhia Oblast,2025,14,2025-03-31,UA-23,119,33
Zaporizhia Oblast,2025,15,2025-04-07,UA-23,114,39
Zaporizhia Oblast,2025,16,2025-04-14,UA-23,125,31
Zaporizhia Oblast,2025,17,2025-04-21,UA-23,119,56
Zaporizhia Oblast,2025,18,2025-04-28,UA-23,123,60
Zaporizhia Oblast,2025,19,2025-05-05,UA-23,118,41
Zaporizhia Oblast,2025,20,2025-05-12,UA-23,124,50
Zaporizhia Oblast,2025,21,2025-05-19,UA-23,125,55
Zaporizhia Oblast,2025,22,2025-05-26,UA-23,152,60
Zaporizhia Oblast,2025,23,2025-06-02,UA-23,143,63
Zaporizhia Oblast,2025,24,2025-06-09,UA-23,161,54
Zaporizhia Oblast,2025,25,2025-06-16,UA-23,148,66
Zaporizhia Oblast,2025,26,2025-06-23,UA-23,130,56
Zaporizhia Oblast,2025,27,2025-06-30,UA-23,108,54
Zaporizhia Oblast,2025,28,2025-07-07,UA-23,42,20
Zhytomyr Oblast,2022,8,2022-02-21,UA-18,4,2
Zhytomyr Oblast,2022,9,2022-02-28,UA-18,18,26
Zhytomyr Oblast,2022,10,2022-03-07,UA-18,13,21
Zhytomyr Oblast,2022,11,2022-03-14,UA-18,16,12
Zhytomyr Oblast,2022,12,2022-03-21,UA-18,15,0
Zhytomyr Oblast,2022,13,2022-03-28,UA-18,12,0
Zhytomyr Oblast,2022,14,2022-04-04,UA-18,4,0
Zhytomyr Oblast,2022,15,2022-04-11,UA-18,2,0
Zhytomyr Oblast,2022,17,2022-04-25,UA-18,1,0
Zhytomyr Oblast,2022,18,2022-05-02,UA-18,1,0
Zhytomyr Oblast,2022,20,2022-05-16,UA-18,3,1
Zhytomyr Oblast,2022,21,2022-05-23,UA-18,2,0
Zhytomyr Oblast,2022,23,2022-06-06,UA-18,2,0
Zhytomyr Oblast,2022,25,2022-06-20,UA-18,3,1
Zhytomyr Oblast,2022,28,2022-07-11,UA-18,1,2
Zhytomyr Oblast,2022,30,2022-07-25,UA-18,2,0
Zhytomyr Oblast,2022,31,2022-08-01,UA-18,1,0
Zhytomyr Oblast,2022,32,2022-08-08,UA-18,2,0
Zhytomyr Oblast,2022,33,2022-08-15,UA-18,2,0
Zhytomyr Oblast,2022,34,2022-08-22,UA-18,1,0
Zhytomyr Oblast,2022,35,2022-08-29,UA-18,1,1
Zhytomyr Oblast,2022,38,2022-09-19,UA-18,1,0
Zhytomyr Oblast,2022,41,2022-10-10,UA-18,2,0
Zhytomyr Oblast,2022,42,2022-10-17,UA-18,1,0
Zhytomyr Oblast,2022,46,2022-11-14,UA-18,1,0
Zhytomyr Oblast,2022,48,2022-11-28,UA-18,1,0
Zhytomyr Oblast,2022,49,2022-12-05,UA-18,2,2
Zhytomyr Oblast,2022,52,2022-12-26,UA-18,3,0
Zhytomyr Oblast,2023,10,2023-03-06,UA-18,1,0
Zhytomyr Oblast,2023,12,2023-03-20,UA-18,2,0
Zhytomyr Oblast,2023,16,2023-04-17,UA-18,2,0
Zhytomyr Oblast,2023,20,2023-05-15,UA-18,1,0
Zhytomyr Oblast,2023,21,2023-05-22,UA-18,2,0
Zhytomyr Oblast,2023,23,2023-06-05,UA-18,1,1
Zhytomyr Oblast,2023,24,2023-06-12,UA-18,1,0
Zhytomyr Oblast,2023,28,2023-07-10,UA-18,1,1
Zhytomyr Oblast,2023,29,2023-07-17,UA-18,2,0
Zhytomyr Oblast,2023,30,2023-07-24,UA-18,1,0
Zhytomyr Oblast,2023,33,2023-08-14,UA-18,1,0
Zhytomyr Oblast,2023,35,2023-08-28,UA-18,3,0
Zhytomyr Oblast,2023,40,2023-10-02,UA-18,1,0
Zhytomyr Oblast,2023,41,2023-10-09,UA-18,1,0
Zhytomyr Oblast,2023,44,2023-10-30,UA-18,1,0
Zhytomyr Oblast,2023,45,2023-11-06,UA-18,1,0
Zhytomyr Oblast,2023,46,2023-11-13,UA-18,1,0
Zhytomyr Oblast,2023,47,2023-11-20,UA-18,2,0
Zhytomyr Oblast,2023,48,2023-11-27,UA-18,1,0
Zhytomyr Oblast,2023,49,2023-12-04,UA-18,1,0
Zhytomyr Oblast,2023,52,2023-12-25,UA-18,1,0
Zhytomyr Oblast,2024,4,2024-01-22,UA-18,1,0
Zhytomyr Oblast,2024,5,2024-01-29,UA-18,1,0
Zhytomyr Oblast,2024,6,2024-02-05,UA-18,3,0
Zhytomyr Oblast,2024,7,2024-02-12,UA-18,2,0
Zhytomyr Oblast,2024,10,2024-03-04,UA-18,2,0
Zhytomyr Oblast,2024,12,2024-03-18,UA-18,2,0
Zhytomyr Oblast,2024,14,2024-04-01,UA-18,2,0
Zhytomyr Oblast,2024,15,2024-04-08,UA-18,2,0
Zhytomyr Oblast,2024,20,2024-05-13,UA-18,1,0
Zhytomyr Oblast,2024,26,2024-06-24,UA-18,1,0
Zhytomyr Oblast,2024,27,2024-07-01,UA-18,2,0
Zhytomyr Oblast,2024,28,2024-07-08,UA-18,1,0
Zhytomyr Oblast,2024,29,2024-07-15,UA-18,2,0
Zhytomyr Oblast,2024,30,2024-07-22,UA-18,2,0
Zhytomyr Oblast,2024,31,2024-07-29,UA-18,2,0
Zhytomyr Oblast,2024,32,2024-08-05,UA-18,1,0
Zhytomyr Oblast,2024,33,2024-08-12,UA-18,3,0
Zhytomyr Oblast,2024,35,2024-08-26,UA-18,2,1
Zhytomyr Oblast,2024,36,2024-09-02,UA-18,4,0
Zhytomyr Oblast,2024,37,2024-09-09,UA-18,3,0
Zhytomyr Oblast,2024,38,2024-09-16,UA-18,3,0
Zhytomyr Oblast,2024,39,2024-09-23,UA-18,1,0
Zhytomyr Oblast,2024,40,2024-09-30,UA-18,3,0
Zhytomyr Oblast,2024,41,2024-10-07,UA-18,1,0
Zhytomyr Oblast,2024,42,2024-10-14,UA-18,3,0
Zhytomyr Oblast,2024,43,2024-10-21,UA-18,10,2
Zhytomyr Oblast,2024,44,2024-10-28,UA-18,5,0
Zhytomyr Oblast,2024,45,2024-11-04,UA-18,9,0
Zhytomyr Oblast,2024,46,2024-11-11,UA-18,3,0
Zhytomyr Oblast,2024,47,2024-11-18,UA-18,3,0
Zhytomyr Oblast,2024,48,2024-11-25,UA-18,5,0
Zhytomyr Oblast,2024,49,2024-12-02,UA-18,4,0
Zhytomyr Oblast,2024,51,2024-12-16,UA-18,3,0
Zhytomyr Oblast,2024,52,2024-12-23,UA-18,4,0
Zhytomyr Oblast,2025,1,2024-12-30,UA-18,2,0
Zhytomyr Oblast,2025,2,2025-01-06,UA-18,2,0
Zhytomyr Oblast,2025,3,2025-01-13,UA-18,5,0
Zhytomyr Oblast,2025,4,2025-01-20,UA-18,5,0
Zhytomyr Oblast,2025,5,2025-01-27,UA-18,9,0
Zhytomyr Oblast,2025,6,2025-02-03,UA-18,4,0
Zhytomyr Oblast,2025,7,2025-02-10,UA-18,4,0
Zhytomyr Oblast,2025,8,2025-02-17,UA-18,3,0
Zhytomyr Oblast,2025,9,2025-02-24,UA-18,4,0
Zhytomyr Oblast,2025,10,2025-03-03,UA-18,1,0
Zhytomyr Oblast,2025,11,2025-03-10,UA-18,4,0
Zhytomyr Oblast,2025,12,2025-03-17,UA-18,2,0
Zhytomyr Oblast,2025,14,2025-03-31,UA-18,1,0
Zhytomyr Oblast,2025,15,2025-04-07,UA-18,2,1
Zhytomyr Oblast,2025,17,2025-04-21,UA-18,4,0
Zhytomyr Oblast,2025,18,2025-04-28,UA-18,1,0
Zhytomyr Oblast,2025,19,2025-05-05,UA-18,1,0
Zhytomyr Oblast,2025,20,2025-05-12,UA-18,3,0
Zhytomyr Oblast,2025,21,2025-05-19,UA-18,4,3
Zhytomyr Oblast,2025,22,2025-05-26,UA-18,2,0
Zhytomyr Oblast,2025,23,2025-06-02,UA-18,1,0
Zhytomyr Oblast,2025,27,2025-06-30,UA-18,1,2
